Model Name;Species Name
msp_0001.mat;msp_0001.mat
msp_0002.mat;msp_0002.mat
msp_0003.mat;Bacteroides_cellulosilyticus
msp_0004.mat;msp_0004.mat
msp_0005.mat;Escherichia_coli
msp_0006.mat;msp_0006.mat
msp_0007.mat;Bacteroides_ovatus
msp_0008.mat;Bacteroides_intestinalis
msp_0009.mat;[Clostridium]_bolteae
msp_0010.mat;Bacteroides_fragilis_1
msp_0011.mat;Bacteroides_thetaiotaomicron
msp_0012.mat;Parabacteroides_distasonis
msp_0013.mat;Ruminococcus_bicirculans
msp_0014.mat;Eisenbergiella_tayi
msp_0015.mat;Roseburia_faecis
msp_0016.mat;Bacteroides_plebeius
msp_0017.mat;Roseburia_intestinalis
msp_0018.mat;Eisenbergiella_massiliensis
msp_0019.mat;Bacteroides_faecis
msp_0020.mat;[Clostridium]_clostridioforme_1
msp_0021.mat;Bacteroides_xylanisolvens
msp_0022.mat;Bacteroides_finegoldii
msp_0023.mat;Bacteroides_caccae
msp_0024.mat;Hungatella_effluvii
msp_0025.mat;Akkermansia_muciniphila
msp_0026.mat;Paraprevotella_clara
msp_0027.mat;Parabacteroides_merdae
msp_0028.mat;Parabacteroides_goldsteinii
msp_0029.mat;[Eubacterium]_eligens
msp_0030.mat;Klebsiella_pneumoniae
msp_0031.mat;Bacteroides_stercoris
msp_0032.mat;Alistipes_onderdonkii
msp_0033.mat;Bacteroides_fragilis_2
msp_0034.mat;[Faecalibacterium]_sp._CAG:74
msp_0035.mat;Bacteroides_dorei
msp_0036.mat;Bacteroides_eggerthii
msp_0037.mat;Bacteroides_salyersiae
msp_0038.mat;msp_0038.mat
msp_0039.mat;Lachnospiraceae_bacterium_hRUG904_/_Clostridiales_bacterium_RUG495_/_[Clostridium]_sp._CAG:127
msp_0040.mat;Bacteroides_massiliensis
msp_0041.mat;Prevotella_copri_1
msp_0042.mat;Coprococcus_eutactus_2
msp_0043.mat;Bacteroides_coprocola
msp_0044.mat;Hungatella_hathewayi_1
msp_0045.mat;Ruminococcus_bromii_2
msp_0046.mat;Bacteroides_uniformis
msp_0047.mat;[Eubacterium]_sp._CAG:115
msp_0048.mat;[Eubacterium]_sp._CAG:38
msp_0049.mat;unclassified_Lachnoclostridium
msp_0050.mat;Anaerobutyricum_hallii
msp_0051.mat;msp_0051.mat
msp_0052.mat;Blautia_sp._CAG:257
msp_0053.mat;[Eubacterium]_siraeum
msp_0054.mat;Bacteroides_nordii
msp_0055.mat;Firmicutes_bacterium_CAG:65_/_[Clostridium]_sp._2789STDY5608883
msp_0056.mat;unclassified_Lachnoclostridium
msp_0057.mat;Roseburia_sp._CAG:45_&_sp._2789STDY5608886
msp_0058.mat;[Ruminococcus]_gnavus
msp_0059.mat;Barnesiella_intestinihominis
msp_0060.mat;Lachnospiraceae_bacterium_CIM:MAG_844_/_Firmicutes_bacterium_CAG:95
msp_0061.mat;Bacteroides_congonensis
msp_0062.mat;Odoribacter_splanchnicus
msp_0063.mat;Bacteroides_clarus
msp_0064.mat;unclassified_Bacteroidales_[Alistipes]_sp._CAG:435
msp_0065.mat;[Ruminococcus]_sp._CAG:17_/_Blautia_sp._2789STDY5608880
msp_0066.mat;[Clostridium]_sp._AT4
msp_0067.mat;Prevotella_sp._109_&_CAG:255
msp_0068.mat;[Eubacterium]_rectale
msp_0069.mat;Bacteroides_vulgatus
msp_0070.mat;Akkermansia_muciniphila_2
msp_0071.mat;Roseburia_hominis
msp_0072.mat;Roseburia_inulinivorans
msp_0073.mat;msp_0073.mat
msp_0074.mat;Roseburia_sp._CAG:100_/_Lachnospiraceae_bacterium_CIM:MAG_54
msp_0075.mat;Lachnospiraceae_bacterium_GAM79_/_[Clostridium]_sp._CAG:91_&_sp._2789STDY5834873
msp_0076.mat;Blautia_wexlerae
msp_0077.mat;unclassified_Lachnospiraceae
msp_0078.mat;Prevotella_sp._CAG:732
msp_0079.mat;[Clostridium]_sp._CAG:7
msp_0080.mat;Prevotellamassilia_timonensis
msp_0081.mat;unclassified_Prevotella
msp_0082.mat;msp_0082.mat
msp_0083.mat;Parabacteroides_johnsonii
msp_0084.mat;Prevotella_sp._RUG457_&_sp._RUG782_&_sp._CAG:386
msp_0085.mat;unclassified_Eisenbergiella
msp_0086.mat;[Clostridium]_symbiosum
msp_0087.mat;Lachnospira_pectinoschiza
msp_0088.mat;Butyricimonas_sp._Marseille-P3923
msp_0089.mat;Alistipes_finegoldii
msp_0090.mat;Alistipes_putredinis
msp_0091.mat;Prevotella_sp._CAG:604
msp_0092.mat;Sutterella_wadsworthensis_1
msp_0093.mat;[Clostridium]_sp._CAG:62
msp_0094.mat;unclassified_Roseburia
msp_0095.mat;unclassified_Ruminococcaceae
msp_0096.mat;Bacteroides_sp._CAG:443
msp_0097.mat;Paraprevotella_xylaniphila
msp_0098.mat;Parabacteroides_gordonii
msp_0099.mat;msp_0099.mat
msp_0100.mat;msp_0100.mat
msp_0101.mat;Bacteroides_sp._CAG:875_&_sp._2789STDY5834845
msp_0102.mat;unclassified_Bacteroides
msp_0103.mat;[Clostridium]_innocuum
msp_0104.mat;Emergencia_timonensis
msp_0105.mat;Ruminococcus_sp._CAG:177
msp_0106.mat;Clostridiales_bacterium_UBA7273_/_Firmicutes_bacterium_CAG:240
msp_0107.mat;Anaerostipes_hadrus_1
msp_0108.mat;Enterobacter_hormaechei
msp_0109.mat;[Clostridium]_scindens_2
msp_0110.mat;Bilophila_wadsworthia
msp_0111.mat;Faecalimonas_umbilicata
msp_0112.mat;Blautia_hydrogenotrophica
msp_0113.mat;Blautia_producta_2
msp_0114.mat;Bacteroides_coprophilus
msp_0115.mat;msp_0115.mat
msp_0116.mat;msp_0116.mat
msp_0117.mat;Butyricimonas_sp._Marseille-P4593
msp_0118.mat;unclassified_Bacteroides
msp_0119.mat;unclassified_Acidaminococcaceae
msp_0120.mat;msp_0120.mat
msp_0121.mat;Oscillibacter_sp._CAG:241_62_21
msp_0122.mat;unclassified_Bacteroides
msp_0123.mat;Prevotella_sp._CAG:520
msp_0124.mat;Candidatus_Cibiobacter_qucibialis
msp_0125.mat;Firmicutes_bacterium_CAG:24_/_[Clostridium]_sp._2789STDY5834869_&_2789STDY5834922
msp_0126.mat;[Ruminococcus]_torques
msp_0127.mat;Ruminococcus_sp._CAG:353_&_sp._2789STDY5834938
msp_0128.mat;Butyricimonas_virosa
msp_0129.mat;[Clostridium]_sp._CAG:58
msp_0130.mat;Candidatus_Gastranaerophilales_bacterium_x14
msp_0131.mat;Phascolarctobacterium_faecium
msp_0132.mat;Coprobacillus_cateniformis
msp_0133.mat;Coprococcus_sp._2789STDY5608819_/_[Clostridium]_sp._CAG:264
msp_0134.mat;Megamonas_funiformis_==_rupellensis
msp_0135.mat;[Clostridium]_clostridioforme_2
msp_0136.mat;Prevotella_sp._P4-51_&_PA-67_&_P5-64_&_P5-108_&_CAG:474
msp_0137.mat;unclassified_Prevotella
msp_0138.mat;Bifidobacterium_pseudocatenulatum
msp_0139.mat;Coprobacter_fastidiosus
msp_0140.mat;Klebsiella_oxytoca
msp_0141.mat;Blautia_massiliensis
msp_0142.mat;Blautia_sp._CAG:52_&_SG-772_&_sp._2789STDY5834917
msp_0143.mat;Parabacteroides_sp._CAG:409
msp_0144.mat;[Clostridium]_sp._CAG:138
msp_0145.mat;Parasutterella_excrementihominis
msp_0146.mat;msp_0146.mat
msp_0147.mat;msp_0147.mat
msp_0148.mat;msp_0148.mat
msp_0149.mat;unclassified_Bacteroides
msp_0150.mat;msp_0150.mat
msp_0151.mat;Butyricimonas_synergistica_2
msp_0152.mat;[Ruminococcus]_faecis
msp_0153.mat;Erysipelatoclostridium_ramosum
msp_0154.mat;Fusicatenibacter_saccharivorans
msp_0155.mat;Parabacteroides_sp._426-9
msp_0156.mat;unclassified_Parabacteroides
msp_0157.mat;Klebsiella_aerogenes
msp_0158.mat;[Eubacterium]_sp._CAG:252
msp_0159.mat;msp_0159.mat
msp_0160.mat;[Faecalitalea]_sp._UBA637
msp_0161.mat;[Eubacterium]_sp._CAG:248
msp_0162.mat;unclassified_Blautia
msp_0163.mat;Firmicutes_bacterium_CAG:227
msp_0164.mat;[Ruminococcus]_sp._2789STDY5608794_&_sp._2789STDY5834890_/_Firmicutes_bacterium_CAG:56
msp_0165.mat;unclassified_Lachnospiraceae
msp_0166.mat;Bifidobacterium_longum
msp_0167.mat;msp_0167.mat
msp_0168.mat;Firmicutes_bacterium_CAG:194
msp_0169.mat;Roseburia_sp._CAG:197
msp_0170.mat;msp_0170.mat
msp_0171.mat;Blautia_hansenii
msp_0172.mat;Ruthenibacterium_lactatiformans
msp_0173.mat;Christensenellaceae_bacterium_Phil1_&_[Clostridium]_sp._CAG:226
msp_0174.mat;msp_0174.mat
msp_0175.mat;Lachnospiraceae_bacterium_TF01-11_/_[Clostridium]_sp._CAG:122
msp_0176.mat;Prevotella_sp._P4-65_&_P4-76_&_P5-60_&_P5-119_&_P5-125_&_CAG:592
msp_0177.mat;unclassified_Lachnoclostridium
msp_0178.mat;Ruminococcus_sp._A254.MGS-254_&_CAG:254
msp_0179.mat;Coprococcus_eutactus_1
msp_0180.mat;Blautia_coccoides_==_Blautia_producta
msp_0181.mat;unclassified_Marvinbryantia
msp_0182.mat;Firmicutes_bacterium_CAG:424
msp_0183.mat;[Acetobacter]_sp._46_36_&_CAG:267_/_Alphaproteobacteria_bacterium_UBA7083
msp_0184.mat;Culturomica_massiliensis
msp_0185.mat;unclassified_Lachnospiraceae
msp_0186.mat;[Clostridium]_sp._CAG:299
msp_0187.mat;Bacteroides_togonis
msp_0188.mat;Erysipelatoclostridium_sp1
msp_0189.mat;Blautia_sp._CAG:237
msp_0190.mat;Bacteroides_sp._CAG:530
msp_0191.mat;unclassified_Butyricimonas
msp_0192.mat;unclassified_Oscillospiraceae
msp_0193.mat;[Clostridium]_scindens_1
msp_0194.mat;[Clostridium]_sp._42_12_&_CAG:75
msp_0195.mat;Desulfovibrio_piger
msp_0196.mat;Alistipes_shahii
msp_0197.mat;Megasphaera_sp._BL7_&_NM10
msp_0198.mat;Coprobacter_secundus_==_Gabonia_massiliensis
msp_0199.mat;Muribaculaceae_bacterium_sp6
msp_0200.mat;Anaerostipes_caccae
msp_0201.mat;Akkermansia_sp._KLE1605
msp_0202.mat;[Acinetobacter]_sp._N54.MGS-139_/_Proteobacteria_bacterium_CAG:139
msp_0203.mat;Negativibacillus_massiliensis
msp_0204.mat;Clostridia_bacterium_UC5.1-1D10_/_[Clostridium]_sp._CAG:505_/_Firmicutes_bacterium_CAG:466
msp_0205.mat;Firmicutes_bacterium_CAG:124
msp_0206.mat;Butyrivibrio_crossotus
msp_0207.mat;[Roseburia]_sp._CAG:380
msp_0208.mat;[Ruminococcus]_sp._Marseille-P328_&_Blautia_sp._2789STDY5608844_&_sp._2789STDY5608844
msp_0209.mat;Enterobacter_roggenkampii
msp_0210.mat;unclassified_Ruminococcus
msp_0211.mat;Mediterranea_massiliensis
msp_0212.mat;Dialister_invisus
msp_0213.mat;Flavonifractor_plautii
msp_0214.mat;Alistipes_sp._CAG:268
msp_0215.mat;Dialister_sp._Marseille-P5638_&_CAG:357
msp_0216.mat;Odoribacter_laneus
msp_0217.mat;Bacteroides_ndongoniae
msp_0218.mat;msp_0218.mat
msp_0219.mat;unclassified_Bacteroides
msp_0220.mat;msp_0220.mat
msp_0221.mat;Acidaminococcus_intestini
msp_0222.mat;[Clostridium]_sp._CAG:354_28_25
msp_0223.mat;[Clostridium]_sp._L2-50
msp_0224.mat;Prevotella_copri_2
msp_0225.mat;Alistipes_obesi
msp_0226.mat;Desulfovibrionaceae_bacterium_CIM:MAG_900
msp_0227.mat;[Eubacterium]_sp._36_13_&_CAG:86_&_RUG185
msp_0228.mat;msp_0228.mat
msp_0229.mat;Prevotella_sp._885
msp_0230.mat;Alistipes_inops_==_Tidjanibacter_massiliensis
msp_0231.mat;unclassified_Erysipelotrichaceae
msp_0232.mat;Dorea_sp._CAG:317
msp_0233.mat;unclassified_Lachnoclostridium
msp_0234.mat;msp_0234.mat
msp_0235.mat;unclassified_Bacteroides
msp_0236.mat;[Eubacterium]_ventriosum
msp_0237.mat;Roseburia_sp._CAG:182
msp_0238.mat;unclassified_Lachnospiraceae
msp_0239.mat;Sutterellaceae_bacterium_4NBBH2
msp_0240.mat;unclassified_Oscillospiraceae
msp_0241.mat;msp_0241.mat
msp_0242.mat;Anaerotignum_lactatifermentans
msp_0243.mat;[Clostridium]_sp._CAG:253
msp_0244.mat;[Ruminococcus]_sp._CAG:60_/_Blautia_sp._2789STDY5608836
msp_0245.mat;Megasphaera_massiliensis
msp_0246.mat;Tyzzerella_nexilis
msp_0247.mat;[Clostridium]_sp._44_14_&_CAG:277
msp_0248.mat;msp_0248.mat
msp_0249.mat;unclassified_Ruminococcaceae
msp_0250.mat;[Ruminococcus]_lactaris
msp_0251.mat;unclassified_Prevotella
msp_0252.mat;unclassified_Ruminiclostridium
msp_0253.mat;unclassified_Bilophila
msp_0254.mat;unclassified_Lachnoclostridium
msp_0255.mat;msp_0255.mat
msp_0256.mat;Bacteroides_sp._CAG:462_&_sp._Marseille-P3684
msp_0257.mat;unclassified_Prevotella
msp_0258.mat;Firmicutes_bacterium_CAG:102
msp_0259.mat;Coprococcus_comes
msp_0260.mat;Prevotella_lascolaii
msp_0261.mat;[Bacteroides]_sp._CAG:770
msp_0262.mat;Ruminococcus_callidus
msp_0263.mat;Bifidobacterium_adolescentis
msp_0264.mat;Parabacteroides_sp._SN4
msp_0265.mat;Faecalibacterium_prausnitzii_7
msp_0266.mat;Fusobacterium_ulcerans
msp_0267.mat;unclassified_Bacteroides
msp_0268.mat;Blautia_sp._N6H1-15
msp_0269.mat;unclassified_Clostridiales_5
msp_0270.mat;unclassified_Clostridiales_5
msp_0271.mat;[Eubacterium]_sp._CAG:180
msp_0272.mat;unclassified_Blautia
msp_0273.mat;[Clostridium]_sp._CAG:510
msp_0274.mat;Sellimonas_intestinalis_==_Drancourtella_massiliensis
msp_0275.mat;Prevotella_stercorea
msp_0276.mat;Flavonifractor_sp._An10
msp_0277.mat;[Eubacterium]_sp._CAG:251_/_[Clostridium]_sp._A254.MGS-251
msp_0278.mat;Erysipelotrichaceae_bacterium_3_1_53
msp_0279.mat;Cloacibacillus_porcorum
msp_0280.mat;Sutterella_wadsworthensis_2
msp_0281.mat;Catenibacterium_sp._CAG:290
msp_0282.mat;Ruminococcus_sp._CAG:330
msp_0283.mat;msp_0283.mat
msp_0284.mat;msp_0284.mat
msp_0285.mat;[Clostridium]_sp._CAG:217_/_Clostridiales_bacterium_CIM:MAG_317_1
msp_0286.mat;Ruminococcus_sp._37_24_&_sp._2789STDY5834934
msp_0287.mat;Alistipes_ihumii
msp_0288.mat;msp_0288.mat
msp_0289.mat;Fusobacterium_varium
msp_0290.mat;Anaeromassilibacillus_sp._Marseille-P3876
msp_0291.mat;unclassified_Ruminococcaceae
msp_0292.mat;unclassified_Lachnospiraceae
msp_0293.mat;unclassified_Bacteroides
msp_0294.mat;Butyrivibrio_sp._CAG:318
msp_0295.mat;Desulfovibrio_fairfieldensis
msp_0296.mat;unclassified_Roseburia
msp_0297.mat;Anaerotruncus_sp._AT3
msp_0298.mat;unclassified_Christensenellaceae-Catabacteriaceae
msp_0299.mat;[Eubacterium]_ramulus
msp_0300.mat;unclassified_Prevotellaceae
msp_0301.mat;Faecalibacterium_prausnitzii_1
msp_0302.mat;unclassified_Clostridiales_2
msp_0303.mat;unclassified_Clostridiales_5
msp_0304.mat;unclassified_Bacteroidales_[Alistipes]_sp._CAG:514
msp_0305.mat;Roseburia_sp._CAG:303
msp_0306.mat;Firmicutes_bacterium_CAG:176
msp_0307.mat;Dorea_longicatena_1
msp_0308.mat;[Clostridium]_saccharolyticum_2
msp_0309.mat;unclassified_Blautia
msp_0310.mat;Barnesiella_sp._An22
msp_0311.mat;unclassified_Clostridiales_5
msp_0312.mat;Firmicutes_bacterium_CAG:110
msp_0313.mat;Veillonella_parvula
msp_0314.mat;unclassified_Christensenellaceae-Catabacteriaceae
msp_0315.mat;Firmicutes_bacterium_CAG:145
msp_0316.mat;unclassified_Parabacteroides
msp_0317.mat;unclassified_Clostridiales_5
msp_0318.mat;Alistipes_indistinctus
msp_0319.mat;unclassified_Clostridiales_5
msp_0320.mat;unclassified_Prevotella
msp_0321.mat;[Clostridium]_sp._CAG:411
msp_0322.mat;unclassified_Ruminococcus
msp_0323.mat;unclassified_Clostridiales
msp_0324.mat;Alistipes_sp._cv1
msp_0325.mat;Ruminococcus_sp._UNK.MGS-30
msp_0326.mat;unclassified_Alistipes
msp_0327.mat;[Bacteroides]_sp._CAG:545
msp_0328.mat;[Brachyspira]_sp._CAG:484
msp_0329.mat;Clostridium_butyricum
msp_0330.mat;Firmicutes_bacterium_CAG:534
msp_0331.mat;Oscillibacter_sp._KLE_1728_&_KLE_1745_&_sp._PEA192_/_Oscillospiraceae_VE202-24
msp_0332.mat;unclassified_Lachnospiraceae
msp_0333.mat;msp_0333.mat
msp_0334.mat;Erysipelotrichaceae_bacterium_5_2_54FAA_/_[Eubacterium]_sp._3_1_31
msp_0335.mat;unclassified_Alistipes
msp_0336.mat;Bacteroides_fluxus
msp_0337.mat;[Eubacterium]_sp._38_16_&_CAG:146
msp_0338.mat;Fusobacterium_mortiferum
msp_0339.mat;unclassified_Prevotella
msp_0340.mat;[Clostridium]_leptum
msp_0341.mat;msp_0341.mat
msp_0342.mat;Flavonifractor_sp._2789STDY5834931_/_Clostridiales_bacterium_CCNA10
msp_0343.mat;[Clostridium]_sp._CAG:413
msp_0344.mat;[Anaerotruncus]_sp._CAG:390
msp_0345.mat;Faecalibacterium_prausnitzii_8
msp_0346.mat;Lachnoclostridium_sp._SNUG30386_/_[Clostridium]_sp._CAG:43
msp_0347.mat;Clostridium_paraputrificum
msp_0348.mat;unclassified_Catabacter
msp_0349.mat;Bacteroides_sp._An19_&_An51A_&_An269_&_An279_&_CAG:702
msp_0350.mat;Fournierella_massiliensis
msp_0351.mat;unclassified_Bacteroides
msp_0352.mat;Oscillibacter_sp._CAG:241_&_CIM:MAG_164_1
msp_0353.mat;msp_0353.mat
msp_0354.mat;unclassified_Christensenellaceae-Catabacteriaceae
msp_0355.mat;unclassified_Bacteroides
msp_0356.mat;unclassified_Clostridiales_5
msp_0357.mat;[Clostridium]_sp._CAG:169
msp_0358.mat;unclassified_Anaerobutyricum
msp_0359.mat;Mitsuokella_jalaludinii
msp_0360.mat;[Clostridium]_asparagiforme_==_lavalense
msp_0361.mat;Firmicutes_bacterium_CAG:170
msp_0362.mat;Clostridium_saudiense
msp_0363.mat;Bacteroides_cutis
msp_0364.mat;Intestinimonas_butyriciproducens
msp_0365.mat;unclassified_Lachnospiraceae
msp_0366.mat;unclassified_Caecibacter
msp_0367.mat;Ruminococcus_champanellensis
msp_0368.mat;msp_0368.mat
msp_0369.mat;msp_0369.mat
msp_0370.mat;Anaeromassilibacillus_sp._Marseille-P3371_/_Clostridia_bacterium_UC5.1-1E11
msp_0371.mat;unclassified_Roseburia
msp_0372.mat;msp_0372.mat
msp_0373.mat;[Clostridium]_sp._2789STDY5608884
msp_0374.mat;Gemmiger_formicilis
msp_0375.mat;msp_0375.mat
msp_0376.mat;[Bacteroides]_pectinophilus
msp_0377.mat;Bacteroides_barnesiae
msp_0378.mat;[Eubacterium]_sp._CAG:156
msp_0379.mat;Merdimonas_faecis
msp_0380.mat;Streptococcus_salivarius
msp_0381.mat;Alistipes_senegalensis
msp_0382.mat;unclassified_Lachnospiraceae
msp_0383.mat;Dialister_succinatiphilus
msp_0384.mat;unclassified_Clostridiales_5
msp_0385.mat;[Ruminococcaceae]_bacterium_D16_/_Clostridiales_bacterium_Choco116
msp_0386.mat;msp_0386.mat
msp_0387.mat;Firmicutes_bacterium_CAG:882
msp_0388.mat;Faecalibacterium_prausnitzii_3
msp_0389.mat;Faecalibacterium_prausnitzii_4
msp_0390.mat;Bacteroides_sp._CAG:1076
msp_0391.mat;Oscillibacter_sp._CAG:155
msp_0392.mat;Firmicutes_bacterium_CAG:238
msp_0393.mat;unclassified_Ruminococcaceae
msp_0394.mat;unclassified_Parabacteroides
msp_0395.mat;Brachyspira_sp._CAG:700
msp_0396.mat;Adlercreutzia_equolifaciens
msp_0397.mat;unclassified_Lachnospiraceae
msp_0398.mat;msp_0398.mat
msp_0399.mat;Faecalibacterium_prausnitzii_5
msp_0400.mat;unclassified_Ruminococcaceae
msp_0401.mat;msp_0401.mat
msp_0402.mat;unclassified_Lachnoclostridium
msp_0403.mat;msp_0403.mat
msp_0404.mat;unclassified_Clostridiales_5
msp_0405.mat;Ruminococcus_sp._CAG:403
msp_0406.mat;unclassified_Veillonellaceae
msp_0407.mat;unclassified_Gemmiger
msp_0408.mat;msp_0408.mat
msp_0409.mat;Pyramidobacter_piscolens
msp_0410.mat;Clostridiales_bacterium_CIM:MAG_131
msp_0411.mat;unclassified_Akkermansia
msp_0412.mat;[Bacteroides]_sp._CAG:144
msp_0413.mat;unclassified_Phascolarctobacterium
msp_0414.mat;Duodenibacillus_massiliensis
msp_0415.mat;Coprobacter_sp._CIM:MAG_570
msp_0416.mat;[Bacteroides]_sp._CAG:709
msp_0417.mat;unclassified_Alistipes
msp_0418.mat;unclassified_Gemmiger
msp_0419.mat;Bifidobacterium_bifidum
msp_0420.mat;unclassified_Ruminococcus
msp_0421.mat;msp_0421.mat
msp_0422.mat;Romboutsia_timonensis
msp_0423.mat;unclassified_Oscillibacter
msp_0424.mat;unclassified_Christensenellaceae-Catabacteriaceae
msp_0425.mat;unclassified_Clostridiales_6
msp_0426.mat;Dialister_sp._CAG:486
msp_0427.mat;[Eubacterium]_sp._CAG:786
msp_0428.mat;Bacteroidales_bacterium_H5
msp_0429.mat;Alistipes_timonensis
msp_0430.mat;msp_0430.mat
msp_0431.mat;[Eubacterium]_sp._CAG:274
msp_0432.mat;msp_0432.mat
msp_0433.mat;unclassified_Lachnospiraceae
msp_0434.mat;unclassified_Ruminococcus
msp_0435.mat;unclassified_Oscillibacter
msp_0436.mat;Blautia_obeum
msp_0437.mat;msp_0437.mat
msp_0438.mat;Bacteroides_sp._UBA7116_&_UBA7052
msp_0439.mat;unclassified_Alistipes
msp_0440.mat;unclassified_Roseburia
msp_0441.mat;unclassified_Roseburia
msp_0442.mat;unclassified_Flavonifractor
msp_0443.mat;unclassified_Parabacteroides
msp_0444.mat;unclassified_Ruminococcaceae
msp_0445.mat;unclassified_Ruminococcus
msp_0446.mat;msp_0446.mat
msp_0447.mat;Firmicutes_bacterium_CAG:272
msp_0448.mat;unclassified_Lachnospiraceae
msp_0449.mat;msp_0449.mat
msp_0450.mat;Clostridiales_bacterium_UBA4224
msp_0451.mat;unclassified_Ruminococcus
msp_0452.mat;unclassified_Clostridiales_5
msp_0453.mat;unclassified_Clostridiales_5
msp_0454.mat;unclassified_Clostridium
msp_0455.mat;Candidatus_Gastranaerophilales_sp1
msp_0456.mat;unclassified_Gemmiger
msp_0457.mat;Faecalibacterium_prausnitzii_9
msp_0458.mat;Catenibacterium_mitsuokai
msp_0459.mat;unclassified_Roseburia
msp_0460.mat;unclassified_Bacteroides
msp_0461.mat;Clostridiales_bacterium_CIM:MAG_701
msp_0462.mat;unclassified_Ruminococcaceae
msp_0463.mat;[Clostridium]_sp._CAG:167
msp_0464.mat;[Eubacterium]_ramulus_2
msp_0465.mat;unclassified_Opitutae
msp_0466.mat;unclassified_Sutterella
msp_0467.mat;Firmicutes_bacterium_CAG:94
msp_0468.mat;Firmicutes_bacterium_CAG:41_/_[Clostridium]_sp._2789STDY5834935_&_sp._2789STDY5608853
msp_0469.mat;msp_0469.mat
msp_0470.mat;unclassified_Prevotellaceae
msp_0471.mat;unclassified_Clostridiales_6
msp_0472.mat;unclassified_Clostridiales_Family_XIII._Incertae_Sedis
msp_0473.mat;msp_0473.mat
msp_0474.mat;Dakarella_massiliensis
msp_0475.mat;Prevotella_sp._CAG:891
msp_0476.mat;Muribaculaceae_bacterium_sp5
msp_0477.mat;Firmicutes_bacterium_CAG:83
msp_0478.mat;[Clostridium]_phoceensis
msp_0479.mat;[Eubacterium]_sp._Marseille-P5640
msp_0480.mat;unclassified_Lachnospiraceae
msp_0481.mat;Ruminococcus_sp._CAG:579
msp_0482.mat;Mitsuokella_multacida
msp_0483.mat;Veillonella_sp._CAG:933
msp_0484.mat;unclassified_Faecalibacterium
msp_0485.mat;unclassified_Bacteroides
msp_0486.mat;msp_0486.mat
msp_0487.mat;unclassified_Clostridiales_5
msp_0488.mat;Acidaminococcus_massiliensis
msp_0489.mat;unclassified_Blautia
msp_0490.mat;msp_0490.mat
msp_0491.mat;unclassified_Clostridiales_4
msp_0492.mat;unclassified_Clostridiales_6
msp_0493.mat;[Eubacterium]_sp._CAG:603_&_sp.__2789STDY5608818
msp_0494.mat;msp_0494.mat
msp_0495.mat;unclassified_Prevotellaceae
msp_0496.mat;unclassified_Lachnospiraceae
msp_0497.mat;msp_0497.mat
msp_0498.mat;Ruminococcus_sp._CAG:488
msp_0499.mat;[Clostridium]_sp._CAG:590
msp_0500.mat;unclassified_Erysipelotrichaceae
msp_0501.mat;Megasphaera_elsdenii
msp_0502.mat;unclassified_Bacteroides
msp_0503.mat;Coraliomargarita_sp._CAG:312
msp_0504.mat;msp_0504.mat
msp_0505.mat;unclassified_Oscillibacter
msp_0506.mat;Dorea_formicigenerans
msp_0507.mat;unclassified_Lachnospiraceae
msp_0508.mat;unclassified_Bacteroidales
msp_0509.mat;Evtepia_gabavorus
msp_0510.mat;[Clostridium]_glycyrrhizinilyticum
msp_0511.mat;unclassified_Muribaculaceae
msp_0512.mat;[Firmicutes]_bacterium_CAG:321
msp_0513.mat;unclassified_Clostridiales_5
msp_0514.mat;unclassified_Lachnospiraceae
msp_0515.mat;unclassified_Clostridium
msp_0516.mat;msp_0516.mat
msp_0517.mat;Bacteroidales_bacterium_H10
msp_0518.mat;unclassified_Coriobacteriia
msp_0519.mat;Prevotella_sp._CAG:924
msp_0520.mat;msp_0520.mat
msp_0521.mat;[Ruminococcaceae]_bacterium_CIM:MAG_1403
msp_0522.mat;Anaerotruncus_colihominis
msp_0523.mat;unclassified_Alistipes
msp_0524.mat;Mordavella_sp._Marseille-P3756
msp_0525.mat;unclassified_Muribaculaceae
msp_0526.mat;unclassified_Clostridiales_4
msp_0527.mat;[Clostridium]_sp._CAG:307
msp_0528.mat;unclassified_Parabacteroides
msp_0529.mat;[Eubacterium]_sp._CAG:581
msp_0530.mat;Dorea_longicatena_2
msp_0531.mat;unclassified_Muribaculaceae
msp_0532.mat;msp_0532.mat
msp_0533.mat;unclassified_Roseburia
msp_0534.mat;Firmicutes_bacterium_CAG:176_63_11
msp_0535.mat;Prevotellaceae_bacterium_CIM:MAG_724
msp_0536.mat;unclassified_Clostridiales_5
msp_0537.mat;Alistipes_sp._An31A_&_Marseille-P5061_&_UBA1813
msp_0538.mat;Phascolarctobacterium_succinatutens
msp_0539.mat;unclassified_Roseburia
msp_0540.mat;[Clostridium]_sp._CAG:448
msp_0541.mat;unclassified_Clostridiales_5
msp_0542.mat;[Clostridiaceae]_bacterium_CIM:MAG_755_/_[Clostridium]_sp._CAG:230
msp_0543.mat;msp_0543.mat
msp_0544.mat;msp_0544.mat
msp_0545.mat;Pseudoflavonifractor_sp._An184
msp_0546.mat;[Clostridium]_sp._CAG:245_&_CIM:MAG_941
msp_0547.mat;unclassified_Prevotellaceae
msp_0548.mat;unclassified_Lachnospiraceae
msp_0549.mat;unclassified_Prevotella
msp_0550.mat;unclassified_Lachnospiraceae
msp_0551.mat;[Eubacterium]_sp._CAG:192
msp_0552.mat;unclassified_Oscillospiraceae
msp_0553.mat;unclassified_Christensenellaceae-Catabacteriaceae
msp_0554.mat;Anaerostipes_hadrus_2
msp_0555.mat;[Subdoligranulum]_sp._CAG:314_&_CIM:MAG_76
msp_0556.mat;unclassified_Clostridiales_4
msp_0557.mat;msp_0557.mat
msp_0558.mat;unclassified_Blautia
msp_0559.mat;unclassified_Lachnoclostridium
msp_0560.mat;unclassified_Christensenellaceae-Catabacteriaceae
msp_0561.mat;unclassified_Lachnospiraceae
msp_0562.mat;Enorma_massiliensis
msp_0563.mat;unclassified_Lachnospiraceae
msp_0564.mat;[Fusobacterium]_sp._CAG:439
msp_0565.mat;unclassified_Ruminococcaceae
msp_0566.mat;unclassified_Clostridiales_5
msp_0567.mat;Firmicutes_bacterium_CAG:475
msp_0568.mat;Prevotella_sp._CAG:1124
msp_0569.mat;Anaerotruncus_sp._CAG:528
msp_0570.mat;Bifidobacterium_dentium
msp_0571.mat;unclassified_Ruminococcaceae
msp_0572.mat;Lachnospira_sp._2789STDY5834967_/_Clostridiales_bacterium_KLE1615_&_41_12_two_minus
msp_0573.mat;Eggerthella_lenta
msp_0574.mat;msp_0574.mat
msp_0575.mat;[Eubacteriaceae]_bacterium_CHKCI004_&_[Eubacterium]_sp._An3
msp_0576.mat;unclassified_Roseburia
msp_0577.mat;[Clostridium]_sp._CAG:1013
msp_0578.mat;[Clostridium]_sp._CAG:269
msp_0579.mat;unclassified_Lachnospiraceae
msp_0580.mat;unclassified_Fusobacterium
msp_0581.mat;Firmicutes_bacterium_CAG:212_/_[Clostridium]_sp._2789STDY5834871
msp_0582.mat;[Clostridium]_sp._CAG:632
msp_0583.mat;unclassified_Fournierella
msp_0584.mat;Eggerthella_sp._CAG:298
msp_0585.mat;Methanobrevibacter_smithii_1
msp_0586.mat;[Clostridium]_sp._CAG:343
msp_0587.mat;unclassified_Fusobacterium
msp_0588.mat;unclassified_Ruminococcaceae
msp_0589.mat;msp_0589.mat
msp_0590.mat;unclassified_Parabacteroides
msp_0591.mat;unclassified_Lachnoclostridium
msp_0592.mat;unclassified_Christensenellaceae-Catabacteriaceae
msp_0593.mat;Bacteroidales_bacterium_CIM:MAG_858
msp_0594.mat;Phascolarctobacterium_sp._CAG:266
msp_0595.mat;Cryptobacterium_sp._CAG:338
msp_0596.mat;Clostridiales_bacterium_UBA4696
msp_0597.mat;unclassified_Clostridiales_5
msp_0598.mat;Prevotella_sp._CAG:1092
msp_0599.mat;unclassified_Prevotella
msp_0600.mat;msp_0600.mat
msp_0601.mat;msp_0601.mat
msp_0602.mat;msp_0602.mat
msp_0603.mat;msp_0603.mat
msp_0604.mat;Dorea_sp._CAG:105
msp_0605.mat;unclassified_Oscillospiraceae
msp_0606.mat;unclassified_Ruminococcus
msp_0607.mat;unclassified_Prevotellaceae
msp_0608.mat;Muribaculaceae_bacterium_sp7
msp_0609.mat;unclassified_Bacteroides
msp_0610.mat;Fusobacterium_nucleatum_subsp._animalis
msp_0611.mat;Bacteroidales_bacterium_H2_/_[Prevotella]_sp._CAG:251
msp_0612.mat;unclassified_Oscillospiraceae
msp_0613.mat;unclassified_Catabacter
msp_0614.mat;unclassified_Muribaculaceae
msp_0615.mat;unclassified_Oscillospiraceae
msp_0616.mat;Prevotella_buccae
msp_0617.mat;unclassified_Sutterellaceae
msp_0618.mat;Turicimonas_muris
msp_0619.mat;msp_0619.mat
msp_0620.mat;msp_0620.mat
msp_0621.mat;Intestinibacter_bartlettii
msp_0622.mat;unclassified_Christensenellaceae-Catabacteriaceae
msp_0623.mat;Erysipelatoclostridium_sp2
msp_0624.mat;unclassified_Ruminococcaceae
msp_0625.mat;Firmicutes_bacterium_CAG:646
msp_0626.mat;Citrobacter_portucalensis
msp_0627.mat;Bifidobacterium_breve
msp_0628.mat;Muribaculaceae_bacterium_sp1
msp_0629.mat;msp_0629.mat
msp_0630.mat;[Eubacterium]_sp._CAG:161
msp_0631.mat;unclassified_Clostridiales_5
msp_0632.mat;unclassified_Ruminococcaceae
msp_0633.mat;Klebsiella_michiganensis_1
msp_0634.mat;unclassified_Flavonifractor
msp_0635.mat;msp_0635.mat
msp_0636.mat;Alistipes_[Bacteroidales]_bacterium_55_9
msp_0637.mat;Alistipes_sp._Marseille-P2431
msp_0638.mat;Enteroscipio_rubneri
msp_0639.mat;Faecalibacterium_prausnitzii_6
msp_0640.mat;unclassified_Oscillibacter
msp_0641.mat;unclassified_Ruminococcaceae
msp_0642.mat;Proteobacteria_bacterium_CAG:495
msp_0643.mat;unclassified_Clostridiales_5
msp_0644.mat;msp_0644.mat
msp_0645.mat;[Clostridium]_sp._CAG:452
msp_0646.mat;[Bacteroides]_sp._43_108
msp_0647.mat;Clostridia_bacterium_UC5.1-2E3
msp_0648.mat;Holdemanella_biformis
msp_0649.mat;Acidaminococcus_sp._Marseille-P4266
msp_0650.mat;unclassified_Agathobaculum
msp_0651.mat;Prevotella_sp._Marseille-P4119
msp_0652.mat;msp_0652.mat
msp_0653.mat;Muribaculaceae_bacterium_sp2
msp_0654.mat;Firmicutes_bacterium_CAG:103
msp_0655.mat;[Ruminococcus]_sp._2789STDY5608817_/_[Eubacterium]_sp._2789STDY5834872
msp_0656.mat;Succinatimonas_sp._UBA2849_&_sp._CAG:777
msp_0657.mat;msp_0657.mat
msp_0658.mat;unclassified_Bacteroides
msp_0659.mat;Caecibacter_massiliensis_==_Megasphaera_hexanoica
msp_0660.mat;msp_0660.mat
msp_0661.mat;msp_0661.mat
msp_0662.mat;bacterium_OL-1
msp_0663.mat;msp_0663.mat
msp_0664.mat;unclassified_Ruminococcaceae
msp_0665.mat;Clostridiales_Family_XIII_bacterium_CIM:MAG_1057
msp_0666.mat;unclassified_Coriobacteriia
msp_0667.mat;unclassified_Prevotellaceae
msp_0668.mat;Coprococcus_sp._CAG:782
msp_0669.mat;unclassified_Ruminococcaceae
msp_0670.mat;unclassified_Oscillibacter
msp_0671.mat;Turicibacter_sanguinis_1
msp_0672.mat;unclassified_Opitutae
msp_0673.mat;unclassified_Clostridiales_4
msp_0674.mat;[Eubacterium]_sp._2789STDY5834909
msp_0675.mat;Sutterella_sp._CAG:521
msp_0676.mat;msp_0676.mat
msp_0677.mat;msp_0677.mat
msp_0678.mat;unclassified_Ruminococcaceae
msp_0679.mat;msp_0679.mat
msp_0680.mat;msp_0680.mat
msp_0681.mat;Prevotella_sp._CAG:617
msp_0682.mat;uncultured_Clostridiales_bacterium_RUG798
msp_0683.mat;msp_0683.mat
msp_0684.mat;unclassified_Muribaculaceae
msp_0685.mat;unclassified_Clostridiales_2
msp_0686.mat;[Ruminococcus]_sp._CAG:382
msp_0687.mat;Prevotella_sp._UBA630
msp_0688.mat;unclassified_Lachnospiraceae
msp_0689.mat;Clostridiales_bacterium_UBA1701_/_Clostridia_bacterium_CIM:MAG_26
msp_0690.mat;unclassified_Faecalibacterium
msp_0691.mat;msp_0691.mat
msp_0692.mat;msp_0692.mat
msp_0693.mat;unclassified_Lachnoclostridium
msp_0694.mat;unclassified_Parabacteroides
msp_0695.mat;unclassified_Rhodospirillales
msp_0696.mat;Acidaminococcus_fermentans
msp_0697.mat;Clostridium_sp._CAG:221
msp_0698.mat;Faecalitalea_cylindroides
msp_0699.mat;unclassified_Clostridiales_4
msp_0700.mat;Megasphaera_sp._ASD88_&_An286_&_AJH120
msp_0701.mat;unclassified_Pseudoflavonifractor
msp_0702.mat;unclassified_Barnesiellaceae
msp_0703.mat;msp_0703.mat
msp_0704.mat;unclassified_Clostridiales_5
msp_0705.mat;unclassified_Lachnoclostridium
msp_0706.mat;Dorea_sp._Marseille-P4003
msp_0707.mat;unclassified_Clostridiales_Family_XIII._Incertae_Sedis
msp_0708.mat;Ruminococcus_sp._CAG:563
msp_0709.mat;Firmicutes_bacterium_CAG:341
msp_0710.mat;[Bacteroides]_sp._CAG:927
msp_0711.mat;msp_0711.mat
msp_0712.mat;msp_0712.mat
msp_0713.mat;[Clostridium]_citroniae
msp_0714.mat;msp_0714.mat
msp_0715.mat;msp_0715.mat
msp_0716.mat;msp_0716.mat
msp_0717.mat;unclassified_Ruminococcus
msp_0718.mat;unclassified_Rhodospirillales
msp_0719.mat;msp_0719.mat
msp_0720.mat;[Clostridium]_sp._CAG:1024
msp_0721.mat;unclassified_Bacteroides
msp_0722.mat;Blautia_obeum_2
msp_0723.mat;unclassified_Clostridiales_5
msp_0724.mat;unclassified_Sutterellaceae
msp_0725.mat;Clostridiales_bacterium_CIM:MAG_491
msp_0726.mat;Prevotella_sp._CAG:755
msp_0727.mat;unclassified_Clostridiales_4
msp_0728.mat;msp_0728.mat
msp_0729.mat;[Ruminococcaceae]_bacterium_CIM:MAG_1170_1
msp_0730.mat;msp_0730.mat
msp_0731.mat;msp_0731.mat
msp_0732.mat;Clostridiales_bacterium_CIM:MAG_442
msp_0733.mat;Roseburia_sp._CAG:471
msp_0734.mat;Firmicutes_bacterium_CAG:555
msp_0735.mat;Monoglobus_pectinilyticus
msp_0736.mat;msp_0736.mat
msp_0737.mat;unclassified_Clostridiales_Family_XIII._Incertae_Sedis
msp_0738.mat;Prevotella_sp._UBA2874
msp_0739.mat;msp_0739.mat
msp_0740.mat;unclassified_Lachnospiraceae
msp_0741.mat;unclassified_Sutterella
msp_0742.mat;msp_0742.mat
msp_0743.mat;unclassified_Bacteroidales
msp_0744.mat;Acidaminococcus_sp._CAG:542
msp_0745.mat;Lachnospiraceae_bacterium_UBA7096
msp_0746.mat;unclassified_Prevotella
msp_0747.mat;unclassified_Oscillospiraceae
msp_0748.mat;msp_0748.mat
msp_0749.mat;unclassified_Sutterella
msp_0750.mat;unclassified_Lachnoclostridium
msp_0751.mat;unclassified_Christensenellaceae-Catabacteriaceae
msp_0752.mat;Ruminococcus_sp._CAG:624_&_UBA6407_&_UBA4697
msp_0753.mat;unclassified_Muribaculaceae
msp_0754.mat;msp_0754.mat
msp_0755.mat;msp_0755.mat
msp_0756.mat;unclassified_Blautia
msp_0757.mat;[Clostridium]_sp._28_12_&_CAG:356
msp_0758.mat;unclassified_Lachnospiraceae
msp_0759.mat;unclassified_Clostridiales_5
msp_0760.mat;Clostridium_sp._29_15_&_CAG:265
msp_0761.mat;unclassified_Clostridiales_5
msp_0762.mat;Ruminococcaceae_bacterium_UBA1821_/_[Clostridium]_sp._CAG:678
msp_0763.mat;Oscillibacter_sp._ER4_/_Firmicutes_bacterium_CAG:129_59_24
msp_0764.mat;unclassified_Alistipes
msp_0765.mat;unclassified_Prevotellaceae
msp_0766.mat;unclassified_Oscillibacter
msp_0767.mat;unclassified_Tyzzerella
msp_0768.mat;msp_0768.mat
msp_0769.mat;Agathobaculum_butyriciproducens
msp_0770.mat;unclassified_Lachnoclostridium
msp_0771.mat;Clostridiales_bacterium_UBA644
msp_0772.mat;Clostridiales_bacterium_1_7_47FAA__&_VE202-28
msp_0773.mat;unclassified_Clostridiales_Family_XIII._Incertae_Sedis
msp_0774.mat;Prevotella_sp._CAG:1058
msp_0775.mat;msp_0775.mat
msp_0776.mat;unclassified_Clostridiales_Family_XIII._Incertae_Sedis
msp_0777.mat;Clostridiales_bacterium_RUG303_&_RUG439_&_RUG453_/_Firmicutes_bacterium_CAG:129
msp_0778.mat;unclassified_Faecalibacterium
msp_0779.mat;[Clostridium]_sp._CAG:417
msp_0780.mat;unclassified_Lachnoclostridium
msp_0781.mat;unclassified_Christensenellaceae-Catabacteriaceae
msp_0782.mat;Candidatus_Gastranaerophilales_bacterium_MH_37_&_HUM_20_/_Melainabacteria_sp._35_41
msp_0783.mat;unclassified_Clostridiales_4
msp_0784.mat;unclassified_Ruminococcaceae
msp_0785.mat;Collinsella_tanakaei
msp_0786.mat;unclassified_Muribaculaceae
msp_0787.mat;msp_0787.mat
msp_0788.mat;unclassified_Rhodospirillaceae
msp_0789.mat;Prevotella_sp._CAG:1185
msp_0790.mat;unclassified_Clostridiales_4
msp_0791.mat;unclassified_Oscillibacter
msp_0792.mat;Clostridium_perfringens
msp_0793.mat;unclassified_Clostridiales_Family_XIII._Incertae_Sedis
msp_0794.mat;Slackia_isoflavoniconvertens
msp_0795.mat;msp_0795.mat
msp_0796.mat;unclassified_Clostridiales_4
msp_0797.mat;unclassified_Ruminococcus
msp_0798.mat;msp_0798.mat
msp_0799.mat;unclassified_Bacteroides
msp_0800.mat;Eggerthella_sp._51_9_&_CAG:209
msp_0801.mat;Sutterella_parvirubra
msp_0802.mat;Bacteroidales_bacterium_H3
msp_0803.mat;msp_0803.mat
msp_0804.mat;msp_0804.mat
msp_0805.mat;unclassified_Roseburia
msp_0806.mat;msp_0806.mat
msp_0807.mat;unclassified_Clostridiales_4
msp_0808.mat;[Clostridium]_sp._CAG:288
msp_0809.mat;msp_0809.mat
msp_0810.mat;msp_0810.mat
msp_0811.mat;[Staphylococcus]_sp._CAG:324
msp_0812.mat;unclassified_Lachnospiraceae
msp_0813.mat;unclassified_Muribaculaceae
msp_0814.mat;Lachnoclostridium_sp._An138
msp_0815.mat;msp_0815.mat
msp_0816.mat;msp_0816.mat
msp_0817.mat;unclassified_Faecalibacterium
msp_0818.mat;msp_0818.mat
msp_0819.mat;Candidatus_Gastranaerophilales_bacterium_HUM_2_/_Candidatus_Melainabacteria_bacterium_MEL.A1
msp_0820.mat;unclassified_Lachnoclostridium
msp_0821.mat;[Firmicutes]_bacterium_CAG:313
msp_0822.mat;unclassified_Oscillospiraceae
msp_0823.mat;[Ruminococcus]_sp._CAG:724
msp_0824.mat;[Clostridium]_sp._CAG:967
msp_0825.mat;Firmicutes_bacterium_CAG:791
msp_0826.mat;unclassified_Anaeroplasmataceae
msp_0827.mat;unclassified_Odoribacteraceae
msp_0828.mat;Massiliomicrobiota_sp._An80_&_An105_&_An134_&_An142
msp_0829.mat;Lachnoclostridium_sp._UBA2905
msp_0830.mat;unclassified_Rhodospirillaceae
msp_0831.mat;Faecalicoccus_pleomorphus
msp_0832.mat;msp_0832.mat
msp_0833.mat;msp_0833.mat
msp_0834.mat;unclassified_Dialister
msp_0835.mat;Clostridiales_bacterium_41_21_two_genomes
msp_0836.mat;unclassified_Muribaculaceae
msp_0837.mat;unclassified_Erysipelotrichaceae
msp_0838.mat;Candidatus_Gastranaerophilales_sp2
msp_0839.mat;[Clostridium]_sp._CAG:964
msp_0840.mat;msp_0840.mat
msp_0841.mat;unclassified_Oscillibacter
msp_0842.mat;msp_0842.mat
msp_0843.mat;msp_0843.mat
msp_0844.mat;msp_0844.mat
msp_0845.mat;[Clostridium]_sp._CAG:440
msp_0846.mat;unclassified_Cloacibacillus
msp_0847.mat;msp_0847.mat
msp_0848.mat;unclassified_Lachnospiraceae
msp_0849.mat;unclassified_Alistipes
msp_0850.mat;unclassified_Clostridiales_5
msp_0851.mat;unclassified_Clostridiales_Family_XIII._Incertae_Sedis
msp_0852.mat;Absiella_dolichum
msp_0853.mat;msp_0853.mat
msp_0854.mat;[Clostridium]_sp._CAG:349
msp_0855.mat;unclassified_Oscillospiraceae
msp_0856.mat;[Clostridium]_sp._28_17_&_CAG:470
msp_0857.mat;unclassified_Muribaculaceae
msp_0858.mat;[Clostridium]_sp._CAG:433
msp_0859.mat;msp_0859.mat
msp_0860.mat;unclassified_Intestinibacter
msp_0861.mat;unclassified_Oscillibacter
msp_0862.mat;unclassified_Muribaculaceae
msp_0863.mat;unclassified_Lachnospiraceae
msp_0864.mat;msp_0864.mat
msp_0865.mat;msp_0865.mat
msp_0866.mat;msp_0866.mat
msp_0867.mat;unclassified_Clostridiales_5
msp_0868.mat;Lachnospiraceae_bacterium_2_1_46FAA
msp_0869.mat;unclassified_Acidaminococcaceae
msp_0870.mat;unclassified_Barnesiellaceae
msp_0871.mat;msp_0871.mat
msp_0872.mat;msp_0872.mat
msp_0873.mat;Olsenella_sp._Marseille-P2300
msp_0874.mat;unclassified_Oscillibacter
msp_0875.mat;unclassified_Bacteroides
msp_0876.mat;unclassified_Oscillospiraceae
msp_0877.mat;Massiliomicrobiota_timonensis
msp_0878.mat;Bifidobacterium_gallinarum_==_saeculare_
msp_0879.mat;unclassified_Faecalibacterium
msp_0880.mat;unclassified_Muribaculaceae
msp_0881.mat;Haemophilus_parainfluenzae
msp_0882.mat;msp_0882.mat
msp_0883.mat;[Clostridium]_spiroforme
msp_0884.mat;Veillonella_atypica
msp_0885.mat;unclassified_Roseburia
msp_0886.mat;[Firmicutes]_bacterium_CAG:449
msp_0887.mat;unclassified_Lachnospiraceae
msp_0888.mat;unclassified_Muribaculaceae
msp_0889.mat;unclassified_Phascolarctobacterium
msp_0890.mat;msp_0890.mat
msp_0891.mat;unclassified_Ruminococcaceae
msp_0892.mat;unclassified_Lachnospiraceae
msp_0893.mat;Faecalibacterium_prausnitzii_2
msp_0894.mat;unclassified_Prevotella
msp_0895.mat;Acetobacter_sp._CAG:977
msp_0896.mat;Candidatus_Methanomassiliicoccus_intestinalis
msp_0897.mat;Candidatus_Gastranaerophilales_sp3
msp_0898.mat;butyrate-producing_bacterium_SS3/4_-_[Clostridium]_sp._CAG:81
msp_0899.mat;unclassified_Clostridiales_4
msp_0900.mat;msp_0900.mat
msp_0901.mat;unclassified_Blautia
msp_0902.mat;unclassified_Oscillospiraceae
msp_0903.mat;Oscillibacter_sp._57_20
msp_0904.mat;Ruminococcaceae_bacterium_UBA5891
msp_0905.mat;msp_0905.mat
msp_0906.mat;[Clostridium]_sp._2789STDY5834924
msp_0907.mat;msp_0907.mat
msp_0908.mat;msp_0908.mat
msp_0909.mat;[Clostridium]_sp._CAG:768
msp_0910.mat;Bifidobacterium_catenulatum
msp_0911.mat;unclassified_Clostridiales_4
msp_0912.mat;unclassified_Clostridiales_5
msp_0913.mat;msp_0913.mat
msp_0914.mat;unclassified_Ruminococcaceae
msp_0915.mat;msp_0915.mat
msp_0916.mat;Bifidobacterium_animalis
msp_0917.mat;unclassified_Clostridiales_5
msp_0918.mat;unclassified_Prevotella
msp_0919.mat;unclassified_Sutterella
msp_0920.mat;unclassified_Prevotellaceae
msp_0921.mat;Ruminococcus_sp._UBA1828
msp_0922.mat;unclassified_Ruminococcaceae
msp_0923.mat;Veillonella_seminalis
msp_0924.mat;Methanobrevibacter_smithii_2
msp_0925.mat;msp_0925.mat
msp_0926.mat;unclassified_Dialister
msp_0927.mat;unclassified_Erysipelatoclostridium
msp_0928.mat;msp_0928.mat
msp_0929.mat;msp_0929.mat
msp_0930.mat;unclassified_Lachnospiraceae
msp_0931.mat;unclassified_Clostridiales_5
msp_0932.mat;unclassified_Oscillospiraceae
msp_0933.mat;unclassified_Blautia
msp_0934.mat;Bacteroides_salanitronis
msp_0935.mat;Peptostreptococcus_anaerobius
msp_0936.mat;msp_0936.mat
msp_0937.mat;unclassified_Sutterellaceae
msp_0938.mat;[Firmicutes]_bacterium_CAG:536
msp_0939.mat;msp_0939.mat
msp_0940.mat;unclassified_Eggerthella
msp_0941.mat;msp_0941.mat
msp_0942.mat;Coriobacteriia_bacterium_CIM:MAG_1296_1
msp_0943.mat;msp_0943.mat
msp_0944.mat;msp_0944.mat
msp_0945.mat;unclassified_Coprococcus
msp_0946.mat;Collinsella_intestinalis
msp_0947.mat;[Clostridium]_sp._26_22
msp_0948.mat;unclassified_Prevotella
msp_0949.mat;unclassified_Erysipelotrichaceae
msp_0950.mat;msp_0950.mat
msp_0951.mat;unclassified_Alistipes
msp_0952.mat;Agathobaculum_desmolans
msp_0953.mat;unclassified_Gemmiger
msp_0954.mat;unclassified_Sutterellaceae
msp_0955.mat;[Firmicutes]_bacterium_CAG:345
msp_0956.mat;Fusobacterium_sp._clos_1_1
msp_0957.mat;unclassified_Ruminococcaceae
msp_0958.mat;unclassified_Flavonifractor
msp_0959.mat;msp_0959.mat
msp_0960.mat;msp_0960.mat
msp_0961.mat;unclassified_Clostridiales_2
msp_0962.mat;unclassified_Anaerotruncus
msp_0963.mat;msp_0963.mat
msp_0964.mat;[Clostridium]_sp._CAG:571
msp_0965.mat;unclassified_Oscillibacter
msp_0966.mat;unclassified_Clostridiales_4
msp_0967.mat;unclassified_Sutterella
msp_0968.mat;msp_0968.mat
msp_0969.mat;Olsenella_provencensis
msp_0970.mat;Collinsella_bouchesdurhonensis
msp_0971.mat;Bacteroides_sartorii
msp_0972.mat;unclassified_Prevotellaceae
msp_0973.mat;unclassified_Erysipelotrichaceae
msp_0974.mat;msp_0974.mat
msp_0975.mat;msp_0975.mat
msp_0976.mat;unclassified_Clostridiales_5
msp_0977.mat;Flavonifractor_sp._2789STDY5834895_&_sp._2789STDY5834937_/__[Clostridium]_sp._2789STDY5608878
msp_0978.mat;msp_0978.mat
msp_0979.mat;unclassified_Christensenellaceae-Catabacteriaceae
msp_0980.mat;unclassified_Prevotella
msp_0981.mat;unclassified_Holdemanella
msp_0982.mat;msp_0982.mat
msp_0983.mat;msp_0983.mat
msp_0984.mat;unclassified_Sutterellaceae
msp_0985.mat;[Mycoplasma]_sp._CAG:472
msp_0986.mat;Coprococcus_catus
msp_0987.mat;unclassified_Bacteroidales
msp_0988.mat;unclassified_Oscillibacter
msp_0989.mat;unclassified_Coprococcus
msp_0990.mat;msp_0990.mat
msp_0991.mat;unclassified_Bacteroidales
msp_0992.mat;unclassified_Methanomassiliicoccaceae
msp_0993.mat;msp_0993.mat
msp_0994.mat;Selenomonadaceae_bacterium_UBA2829
msp_0995.mat;unclassified_Oribacterium
msp_0996.mat;unclassified_Clostridiales_4
msp_0997.mat;unclassified_Prevotella
msp_0998.mat;unclassified_Candidatus_Gastranaerophilales
msp_0999.mat;Collinsella_stercoris
msp_1000.mat;unclassified_Barnesiellaceae
msp_1001.mat;msp_1001.mat
msp_1002.mat;unclassified_Ruminococcaceae
msp_1003.mat;[Eubacterium]_sp._CAG:841
msp_1004.mat;unclassified_Clostridiales_2
msp_1005.mat;msp_1005.mat
msp_1006.mat;msp_1006.mat
msp_1007.mat;[Coprobacillus]_sp._CAG:698
msp_1008.mat;unclassified_ML615J-28_Tenericutes
msp_1009.mat;Senegalimassilia_anaerobia
msp_1010.mat;unclassified_Lachnospiraceae
msp_1011.mat;[Clostridium]_sp._CAG:557
msp_1012.mat;Intestinimonas_massiliensis
msp_1013.mat;unclassified_Ruminococcaceae
msp_1014.mat;unclassified_Prevotella
msp_1015.mat;msp_1015.mat
msp_1016.mat;unclassified_Oscillospiraceae
msp_1017.mat;unclassified_Agathobaculum
msp_1018.mat;Candidatus_Methanomethylophilus_alvus_/_Methanoculleus_sp._CAG:1088
msp_1019.mat;Oxalobacter_formigenes_1
msp_1020.mat;unclassified_Lachnospiraceae
msp_1021.mat;Clostridia_bacterium_CIM:MAG_232
msp_1022.mat;msp_1022.mat
msp_1023.mat;unclassified_Candidatus_Gastranaerophilales
msp_1024.mat;uncultured_Selenomonadales_bacterium_RUG048
msp_1025.mat;msp_1025.mat
msp_1026.mat;unclassified_Alistipes
msp_1027.mat;msp_1027.mat
msp_1028.mat;msp_1028.mat
msp_1029.mat;unclassified_Clostridiales_5
msp_1030.mat;unclassified_Oscillospiraceae
msp_1031.mat;unclassified_Sutterella
msp_1032.mat;unclassified_Clostridiales_6
msp_1033.mat;[Clostridium]_sp._CAG:273
msp_1034.mat;Anaeroglobus_geminatus
msp_1035.mat;Mobilibacterium_timonense
msp_1036.mat;unclassified_Dialister
msp_1037.mat;unclassified_Clostridiales_2
msp_1038.mat;Blautia_sp._2789STDY5608796_&_sp._2789STDY5608848
msp_1039.mat;unclassified_Ruminococcaceae
msp_1040.mat;msp_1040.mat
msp_1041.mat;unclassified_Blautia
msp_1042.mat;msp_1042.mat
msp_1043.mat;msp_1043.mat
msp_1044.mat;unclassified_Fusobacterium
msp_1045.mat;Prevotella_sp._CAG:1320
msp_1046.mat;Clostridium_tertium
msp_1047.mat;msp_1047.mat
msp_1048.mat;unclassified_Lachnoclostridium
msp_1049.mat;[Clostridium]_sp._CAG:451
msp_1050.mat;msp_1050.mat
msp_1051.mat;unclassified_Gordonibacter
msp_1052.mat;Bacteroidales_bacterium_52_46
msp_1053.mat;unclassified_Clostridiales_Family_XIII._Incertae_Sedis
msp_1054.mat;[Clostridium]_sp._CAG:780
msp_1055.mat;unclassified_Roseburia
msp_1056.mat;unclassified_Sutterella
msp_1057.mat;msp_1057.mat
msp_1058.mat;msp_1058.mat
msp_1059.mat;msp_1059.mat
msp_1060.mat;msp_1060.mat
msp_1061.mat;msp_1061.mat
msp_1062.mat;unclassified_Oscillibacter
msp_1063.mat;msp_1063.mat
msp_1064.mat;unclassified_Veillonellaceae
msp_1065.mat;unclassified_Veillonellaceae
msp_1066.mat;msp_1066.mat
msp_1067.mat;msp_1067.mat
msp_1068.mat;msp_1068.mat
msp_1069.mat;unclassified_Clostridiales_2
msp_1070.mat;[Butyricicoccus]_pullicaecorum
msp_1071.mat;[Coprobacillus]_sp._CAG:826
msp_1072.mat;unclassified_Christensenellaceae-Catabacteriaceae
msp_1073.mat;msp_1073.mat
msp_1074.mat;msp_1074.mat
msp_1075.mat;msp_1075.mat
msp_1076.mat;unclassified_Bilophila
msp_1077.mat;unclassified_Lachnospiraceae
msp_1078.mat;unclassified_Clostridiales_6
msp_1079.mat;msp_1079.mat
msp_1080.mat;msp_1080.mat
msp_1081.mat;Fusobacterium_gonidiaformans
msp_1082.mat;unclassified_Clostridiales_1
msp_1083.mat;unclassified_Alistipes
msp_1084.mat;[Eubacterium]_sp._ER2
msp_1085.mat;unclassified_Oscillibacter
msp_1086.mat;msp_1086.mat
msp_1087.mat;unclassified_Mailhella
msp_1088.mat;Sutterella_sp._UBA1442
msp_1089.mat;msp_1089.mat
msp_1090.mat;msp_1090.mat
msp_1091.mat;unclassified_Evtepia
msp_1092.mat;unclassified_Sutterellaceae
msp_1093.mat;[Clostridium]_sp._27_14
msp_1094.mat;unclassified_Christensenellaceae-Catabacteriaceae
msp_1095.mat;unclassified_Candidatus_Gastranaerophilales
msp_1096.mat;unclassified_Oscillospiraceae
msp_1097.mat;msp_1097.mat
msp_1098.mat;unclassified_Clostridiales_5
msp_1099.mat;msp_1099.mat
msp_1100.mat;unclassified_Clostridiales_5
msp_1101.mat;[Firmicutes]_bacterium_CAG:631
msp_1102.mat;Firmicutes_bacterium_CAG:552
msp_1103.mat;msp_1103.mat
msp_1104.mat;msp_1104.mat
msp_1105.mat;unclassified_Oscillospiraceae
msp_1106.mat;unclassified_Prevotella
msp_1107.mat;[Bacteroides]_sp._CAG:1060
msp_1108.mat;unclassified_Bacteroidales
msp_1109.mat;msp_1109.mat
msp_1110.mat;msp_1110.mat
msp_1111.mat;[Clostridium]_sp._CAG:568
msp_1112.mat;msp_1112.mat
msp_1113.mat;msp_1113.mat
msp_1114.mat;Allisonella_histaminiformans
msp_1115.mat;msp_1115.mat
msp_1116.mat;unclassified_Sutterella
msp_1117.mat;msp_1117.mat
msp_1118.mat;unclassified_Lachnospiraceae
msp_1119.mat;msp_1119.mat
msp_1120.mat;unclassified_Roseburia
msp_1121.mat;unclassified_Lachnospiraceae
msp_1122.mat;msp_1122.mat
msp_1123.mat;unclassified_Lachnospiraceae
msp_1124.mat;unclassified_Lachnospiraceae
msp_1125.mat;Eggerthella_sp._CAG:368
msp_1126.mat;Prevotella_corporis
msp_1127.mat;msp_1127.mat
msp_1128.mat;unclassified_Agathobaculum
msp_1129.mat;msp_1129.mat
msp_1130.mat;unclassified_Muribaculaceae
msp_1131.mat;unclassified_Eggerthella
msp_1132.mat;msp_1132.mat
msp_1133.mat;msp_1133.mat
msp_1134.mat;msp_1134.mat
msp_1135.mat;unclassified_Clostridiales_2
msp_1136.mat;unclassified_Clostridiales_5
msp_1137.mat;unclassified_Blautia
msp_1138.mat;[Clostridium]_sp._CAG:628
msp_1139.mat;[Clostridium]_sp._CAG:389
msp_1140.mat;unclassified_Gordonibacter
msp_1141.mat;[Mycoplasma]_sp._CAG:877
msp_1142.mat;unclassified_Atopobiaceae
msp_1143.mat;unclassified_Oscillibacter
msp_1144.mat;msp_1144.mat
msp_1145.mat;unclassified_Lachnospiraceae
msp_1146.mat;unclassified_Clostridiales_1
msp_1147.mat;msp_1147.mat
msp_1148.mat;unclassified_Bacteroides
msp_1149.mat;unclassified_Lachnospiraceae
msp_1150.mat;unclassified_Ruminococcaceae
msp_1151.mat;unclassified_Succinivibrionaceae
msp_1152.mat;unclassified_Sutterellaceae
msp_1153.mat;Dialister_sp._UBA1703
msp_1154.mat;msp_1154.mat
msp_1155.mat;Bifidobacterium_angulatum
msp_1156.mat;Solobacterium_moorei
msp_1157.mat;unclassified_RF39_Mollicutes
msp_1158.mat;Porphyromonas_somerae
msp_1159.mat;unclassified_Collinsella
msp_1160.mat;[Clostridiaceae]_bacterium_CIM:MAG_987_/_[Clostridium]_sp._CAG:533
msp_1161.mat;msp_1161.mat
msp_1162.mat;msp_1162.mat
msp_1163.mat;unclassified_Ruminococcaceae
msp_1164.mat;[Faecalibacterium]_sp._CAG:1138
msp_1165.mat;msp_1165.mat
msp_1166.mat;unclassified_Clostridiales_1
msp_1167.mat;msp_1167.mat
msp_1168.mat;Peptoniphilus_harei
msp_1169.mat;msp_1169.mat
msp_1170.mat;msp_1170.mat
msp_1171.mat;msp_1171.mat
msp_1172.mat;unclassified_Christensenellaceae-Catabacteriaceae
msp_1173.mat;msp_1173.mat
msp_1174.mat;unclassified_Prevotella
msp_1175.mat;unclassified_Clostridiales_2
msp_1176.mat;msp_1176.mat
msp_1177.mat;unclassified_Ruminococcaceae
msp_1178.mat;unclassified_Muribaculaceae
msp_1179.mat;unclassified_Clostridiales_2
msp_1180.mat;unclassified_RF39_Mollicutes
msp_1181.mat;msp_1181.mat
msp_1182.mat;Verrucomicrobia_bacterium_CIM:MAG_792_1
msp_1183.mat;unclassified_Lachnoclostridium
msp_1184.mat;msp_1184.mat
msp_1185.mat;unclassified_Clostridiales_2
msp_1186.mat;[Corallococcus]_sp._CAG:1435
msp_1187.mat;[Firmicutes]_bacterium_CIM:MAG_721_/_[Bacillus]_sp._CAG:988
msp_1188.mat;Ruminococcaceae_bacterium_CIM:MAG_577
msp_1189.mat;unclassified_Clostridiales_2
msp_1190.mat;msp_1190.mat
msp_1191.mat;msp_1191.mat
msp_1192.mat;msp_1192.mat
msp_1193.mat;Dialister_pneumosintes
msp_1194.mat;unclassified_Lachnoclostridium
msp_1195.mat;msp_1195.mat
msp_1196.mat;msp_1196.mat
msp_1197.mat;msp_1197.mat
msp_1198.mat;[Clostridium]_sp._CAG:575
msp_1199.mat;unclassified_Clostridiales_5
msp_1200.mat;msp_1200.mat
msp_1201.mat;msp_1201.mat
msp_1202.mat;unclassified_Blautia
msp_1203.mat;msp_1203.mat
msp_1204.mat;[Bacilli]_bacterium_Phil2
msp_1205.mat;Comamonas_kerstersii
msp_1206.mat;unclassified_Clostridiales_2
msp_1207.mat;unclassified_Bacteroides
msp_1208.mat;unclassified_Lactobacillus
msp_1209.mat;unclassified_Alistipes
msp_1210.mat;unclassified_Clostridiales_1
msp_1211.mat;msp_1211.mat
msp_1212.mat;msp_1212.mat
msp_1213.mat;msp_1213.mat
msp_1214.mat;msp_1214.mat
msp_1215.mat;unclassified_Porphyromonas
msp_1216.mat;unclassified_Ruminococcaceae
msp_1217.mat;Eggerthella_sp._CAG:1427
msp_1218.mat;msp_1218.mat
msp_1219.mat;Veillonella_rogosae
msp_1220.mat;msp_1220.mat
msp_1221.mat;[Mycoplasma]_sp._CAG:776
msp_1222.mat;msp_1222.mat
msp_1223.mat;msp_1223.mat
msp_1224.mat;msp_1224.mat
msp_1225.mat;msp_1225.mat
msp_1226.mat;msp_1226.mat
msp_1227.mat;msp_1227.mat
msp_1228.mat;unclassified_Clostridiales_1
msp_1229.mat;Bacteroides_ilei
msp_1230.mat;msp_1230.mat
msp_1231.mat;msp_1231.mat
msp_1232.mat;unclassified_RF39_Mollicutes
msp_1233.mat;unclassified_RF39_Mollicutes
msp_1234.mat;Parvimonas_micra
msp_1235.mat;unclassified_Clostridiales_2
msp_1236.mat;unclassified_Lachnoclostridium
msp_1237.mat;msp_1237.mat
msp_1238.mat;unclassified_Oscillibacter
msp_1239.mat;unclassified_Christensenellaceae-Catabacteriaceae
msp_1240.mat;unclassified_Holdemanella
msp_1241.mat;Alistipes_sp._Zagget8
msp_1242.mat;Muribaculaceae_bacterium_sp3
msp_1243.mat;msp_1243.mat
msp_1244.mat;Collinsella_aerofaciens
msp_1245.mat;Parvimonas_sp._KA00067
msp_1246.mat;msp_1246.mat
msp_1247.mat;msp_1247.mat
msp_1248.mat;msp_1248.mat
msp_1249.mat;unclassified_Prevotella
msp_1250.mat;Drancourtella_sp._An12_&_An57
msp_1251.mat;unclassified_Oscillibacter
msp_1252.mat;unclassified_RF39_Mollicutes
msp_1253.mat;unclassified_Clostridiales_2
msp_1254.mat;msp_1254.mat
msp_1255.mat;unclassified_Faecalibacterium
msp_1256.mat;msp_1256.mat
msp_1257.mat;[Clostridium]_sp._CAG:921
msp_1258.mat;msp_1258.mat
msp_1259.mat;msp_1259.mat
msp_1260.mat;msp_1260.mat
msp_1261.mat;unclassified_Clostridiales_2
msp_1262.mat;unclassified_Clostridiales_2
msp_1263.mat;msp_1263.mat
msp_1264.mat;msp_1264.mat
msp_1265.mat;msp_1265.mat
msp_1266.mat;[Acidiphilium]_sp._CAG:727
msp_1267.mat;unclassified_Ruminococcaceae
msp_1268.mat;msp_1268.mat
msp_1269.mat;msp_1269.mat
msp_1270.mat;unclassified_Lachnospiraceae
msp_1271.mat;unclassified_Ruminococcus
msp_1272.mat;unclassified_Muribaculaceae
msp_1273.mat;unclassified_Bacteroidales
msp_1274.mat;msp_1274.mat
msp_1275.mat;msp_1275.mat
msp_1276.mat;Succinatimonas_hippei
msp_1277.mat;unclassified_Acidaminococcus
msp_1278.mat;unclassified_Mediterranea
msp_1279.mat;unclassified_Ruminococcaceae
msp_1280.mat;Elusimicrobia_bacterium_UBA1436
msp_1281.mat;unclassified_Elusimicrobia
msp_1282.mat;unclassified_Oscillibacter
msp_1283.mat;msp_1283.mat
msp_1284.mat;unclassified_Bacteroides
msp_1285.mat;msp_1285.mat
msp_1286.mat;[Acidaminococcus]_sp._CAG:917
msp_1287.mat;msp_1287.mat
msp_1288.mat;unclassified_Clostridiales_2
msp_1289.mat;msp_1289.mat
msp_1290.mat;msp_1290.mat
msp_1291.mat;unclassified_Clostridiales_Family_XIII._Incertae_Sedis
msp_1292.mat;msp_1292.mat
msp_1293.mat;Clostridiales_bacterium_UBA643
msp_1294.mat;unclassified_Veillonella
msp_1295.mat;msp_1295.mat
msp_1296.mat;msp_1296.mat
msp_1297.mat;msp_1297.mat
msp_1298.mat;unclassified_Clostridiales_5
msp_1299.mat;Faecalitalea_sp._Marseille-P3755
msp_1300.mat;msp_1300.mat
msp_1301.mat;msp_1301.mat
msp_1302.mat;unclassified_Clostridiales_5
msp_1303.mat;msp_1303.mat
msp_1304.mat;unclassified_RF39_Mollicutes
msp_1305.mat;unclassified_Lachnoclostridium
msp_1306.mat;msp_1306.mat
msp_1307.mat;msp_1307.mat
msp_1308.mat;Turicibacter_sanguinis_2
msp_1309.mat;msp_1309.mat
msp_1310.mat;unclassified_Flavonifractor
msp_1311.mat;Methanosphaera_stadtmanae
msp_1312.mat;unclassified_Oscillibacter
msp_1313.mat;msp_1313.mat
msp_1314.mat;unclassified_Clostridiales_1
msp_1315.mat;msp_1315.mat
msp_1316.mat;msp_1316.mat
msp_1317.mat;msp_1317.mat
msp_1318.mat;msp_1318.mat
msp_1319.mat;unclassified_Christensenellaceae-Catabacteriaceae
msp_1320.mat;msp_1320.mat
msp_1321.mat;msp_1321.mat
msp_1322.mat;msp_1322.mat
msp_1323.mat;unclassified_Flavonifractor
msp_1324.mat;msp_1324.mat
msp_1325.mat;Megasphaera_micronuciformis
msp_1326.mat;unclassified_Mitsuokella
msp_1327.mat;Peptostreptococcus_stomatis
msp_1328.mat;unclassified_RF39_Mollicutes
msp_1329.mat;Veillonella_tobetsuensis
msp_1330.mat;msp_1330.mat
msp_1331.mat;Hafnia_paralvei
msp_1332.mat;unclassified_Christensenellaceae-Catabacteriaceae
msp_1333.mat;msp_1333.mat
msp_1334.mat;msp_1334.mat
msp_1335.mat;Anaeromassilibacillus_sp._An172
msp_1336.mat;Anaerococcus_obesiensis_==_vaginalis
msp_1337.mat;msp_1337.mat
msp_1338.mat;msp_1338.mat
msp_1339.mat;msp_1339.mat
msp_1340.mat;unclassified_Butyricimonas
msp_1341.mat;msp_1341.mat
msp_1342.mat;msp_1342.mat
msp_1343.mat;msp_1343.mat
msp_1344.mat;msp_1344.mat
msp_1345.mat;msp_1345.mat
msp_1346.mat;msp_1346.mat
msp_1347.mat;msp_1347.mat
msp_1348.mat;msp_1348.mat
msp_1349.mat;msp_1349.mat
msp_1350.mat;unclassified_Prevotella
msp_1351.mat;Clostridium_celatum
msp_1352.mat;msp_1352.mat
msp_1353.mat;unclassified_Clostridium
msp_1354.mat;msp_1354.mat
msp_1355.mat;Ruminococcaceae_bacterium_UBA6353
msp_1356.mat;Anaeromassilibacillus_sp._An250
msp_1357.mat;unclassified_Clostridiales
msp_1358.mat;msp_1358.mat
msp_1359.mat;unclassified_Clostridiales_2
msp_1360.mat;unclassified_Coprobacter
msp_1361.mat;unclassified_Porphyromonas
msp_1362.mat;msp_1362.mat
msp_1363.mat;msp_1363.mat
msp_1364.mat;msp_1364.mat
msp_1365.mat;Megasphaera_sp._UBA1696
msp_1366.mat;msp_1366.mat
msp_1367.mat;unclassified_Anaeroplasmataceae
msp_1368.mat;msp_1368.mat
msp_1369.mat;msp_1369.mat
msp_1370.mat;unclassified_RF39_Mollicutes
msp_1371.mat;unclassified_Muribaculaceae
msp_1372.mat;msp_1372.mat
msp_1373.mat;unclassified_Clostridiales_2
msp_1374.mat;unclassified_Clostridiales_2
msp_1375.mat;unclassified_Dialister
msp_1376.mat;msp_1376.mat
msp_1377.mat;Collinsella_sp._UBA1690
msp_1378.mat;unclassified_Oscillibacter
msp_1379.mat;msp_1379.mat
msp_1380.mat;msp_1380.mat
msp_1381.mat;Agathobaculum_sp._Marseille-P4005
msp_1382.mat;Clostridiales_bacterium_CIM:MAG_1534
msp_1383.mat;msp_1383.mat
msp_1384.mat;msp_1384.mat
msp_1385.mat;unclassified_Blautia
msp_1386.mat;unclassified_Ruminococcaceae
msp_1387.mat;unclassified_Desulfovibrio
msp_1388.mat;unclassified_Coprococcus
msp_1389.mat;unclassified_Anaeroplasmataceae
msp_1390.mat;unclassified_Candidatus_Gastranaerophilales
msp_1391.mat;unclassified_Phascolarctobacterium
msp_1392.mat;msp_1392.mat
msp_1393.mat;msp_1393.mat
msp_1394.mat;msp_1394.mat
msp_1395.mat;msp_1395.mat
msp_1396.mat;msp_1396.mat
msp_1397.mat;msp_1397.mat
msp_1398.mat;msp_1398.mat
msp_1399.mat;unclassified_Clostridiales_6
msp_1400.mat;unclassified_Catabacter
msp_1401.mat;msp_1401.mat
msp_1402.mat;unclassified_Lachnospiraceae
msp_1403.mat;Blautia_sp._2789STDY5834862
msp_1404.mat;Prevotella_bivia
msp_1405.mat;unclassified_Lachnospiraceae
msp_1406.mat;msp_1406.mat
msp_1407.mat;unclassified_Lachnospiraceae
msp_1408.mat;msp_1408.mat
msp_1409.mat;msp_1409.mat
msp_1410.mat;msp_1410.mat
msp_1411.mat;msp_1411.mat
msp_1412.mat;Prevotella_disiens
msp_1413.mat;msp_1413.mat
msp_1414.mat;msp_1414.mat
msp_1415.mat;Firmicutes_bacterium_UBA1702
msp_1416.mat;msp_1416.mat
msp_1417.mat;msp_1417.mat
msp_1418.mat;msp_1418.mat
msp_1419.mat;unclassified_Sutterella
msp_1420.mat;msp_1420.mat
msp_1421.mat;unclassified_Holdemanella
msp_1422.mat;unclassified_Ruminococcaceae
msp_1423.mat;msp_1423.mat
msp_1424.mat;msp_1424.mat
msp_1425.mat;msp_1425.mat
msp_1426.mat;msp_1426.mat
msp_1427.mat;msp_1427.mat
msp_1428.mat;unclassified_Lachnospiraceae
msp_1429.mat;msp_1429.mat
msp_1430.mat;msp_1430.mat
msp_1431.mat;msp_1431.mat
msp_1432.mat;Citrobacter_koseri
msp_1433.mat;unclassified_Ruminococcaceae
msp_1434.mat;msp_1434.mat
msp_1435.mat;unclassified_Clostridiales_2
msp_1436.mat;unclassified_Collinsella
msp_1437.mat;unclassified_Lachnoclostridium
msp_1438.mat;unclassified_Ruminococcaceae
msp_1439.mat;msp_1439.mat
msp_1440.mat;msp_1440.mat
msp_1441.mat;msp_1441.mat
msp_1442.mat;msp_1442.mat
msp_1443.mat;msp_1443.mat
msp_1444.mat;Ruminococcaceae_bacterium_D5
msp_1445.mat;msp_1445.mat
msp_1446.mat;msp_1446.mat
msp_1447.mat;msp_1447.mat
msp_1448.mat;msp_1448.mat
msp_1449.mat;msp_1449.mat
msp_1450.mat;msp_1450.mat
msp_1451.mat;msp_1451.mat
msp_1452.mat;msp_1452.mat
msp_1453.mat;msp_1453.mat
msp_1454.mat;msp_1454.mat
msp_1455.mat;msp_1455.mat
msp_1456.mat;msp_1456.mat
msp_1457.mat;Fenollaria_massiliensis
msp_1458.mat;[Christensenellaceae]_bacterium_Phil10
msp_1459.mat;msp_1459.mat
msp_1460.mat;Clostridia_bacterium_CIM:MAG_611
msp_1461.mat;msp_1461.mat
msp_1462.mat;msp_1462.mat
msp_1463.mat;unclassified_Succinivibrionaceae
msp_1464.mat;msp_1464.mat
msp_1465.mat;msp_1465.mat
msp_1466.mat;msp_1466.mat
msp_1467.mat;msp_1467.mat
msp_1468.mat;msp_1468.mat
msp_1469.mat;unclassified_Oscillibacter
msp_1470.mat;msp_1470.mat
msp_1471.mat;msp_1471.mat
msp_1472.mat;msp_1472.mat
msp_1473.mat;msp_1473.mat
msp_1474.mat;unclassified_Bacteroidales
msp_1475.mat;Bacteroidales_bacterium_M1
msp_1476.mat;Haemophilus_pittmaniae
msp_1477.mat;msp_1477.mat
msp_1478.mat;unclassified_Lachnospiraceae
msp_1479.mat;unclassified_Clostridium
msp_1480.mat;msp_1480.mat
msp_1481.mat;msp_1481.mat
msp_1482.mat;unclassified_Bacteroides
msp_1483.mat;msp_1483.mat
msp_1484.mat;unclassified_Clostridiales_6
msp_1485.mat;unclassified_Christensenellaceae-Catabacteriaceae
msp_1486.mat;msp_1486.mat
msp_1487.mat;unclassified_Clostridiales_2
msp_1488.mat;unclassified_Bacteroidales
msp_1489.mat;msp_1489.mat
msp_1490.mat;[Roseburia]_sp._CAG:309
msp_1491.mat;msp_1491.mat
msp_1492.mat;msp_1492.mat
msp_1493.mat;unclassified_Bacteroides
msp_1494.mat;msp_1494.mat
msp_1495.mat;unclassified_Phascolarctobacterium
msp_1496.mat;msp_1496.mat
msp_1497.mat;msp_1497.mat
msp_1498.mat;msp_1498.mat
msp_1499.mat;msp_1499.mat
msp_1500.mat;msp_1500.mat
msp_1501.mat;unclassified_Lachnospiraceae
msp_1502.mat;msp_1502.mat
msp_1503.mat;msp_1503.mat
msp_1504.mat;msp_1504.mat
msp_1505.mat;msp_1505.mat
msp_1506.mat;msp_1506.mat
msp_1507.mat;msp_1507.mat
msp_1508.mat;unclassified_Ruminococcaceae
msp_1509.mat;msp_1509.mat
msp_1510.mat;msp_1510.mat
msp_1511.mat;msp_1511.mat
msp_1512.mat;msp_1512.mat
msp_1513.mat;msp_1513.mat
msp_1514.mat;msp_1514.mat
msp_1515.mat;msp_1515.mat
msp_1516.mat;msp_1516.mat
msp_1517.mat;msp_1517.mat
msp_1518.mat;msp_1518.mat
msp_1519.mat;unclassified_Flavonifractor
msp_1520.mat;unclassified_Gemmiger
msp_1521.mat;msp_1521.mat
msp_1522.mat;msp_1522.mat
msp_1523.mat;Desulfovibrio_sp._Dsv1
msp_1524.mat;msp_1524.mat
msp_1525.mat;[Clostridium]_hylemonae
msp_1526.mat;unclassified_Succinatimonas
msp_1527.mat;unclassified_Lachnospiraceae
msp_1528.mat;Olsenella_sp._An188
msp_1529.mat;msp_1529.mat
msp_1530.mat;msp_1530.mat
msp_1531.mat;msp_1531.mat
msp_1532.mat;msp_1532.mat
msp_1533.mat;msp_1533.mat
msp_1534.mat;msp_1534.mat
msp_1535.mat;msp_1535.mat
msp_1536.mat;msp_1536.mat
msp_1537.mat;msp_1537.mat
msp_1538.mat;msp_1538.mat
msp_1539.mat;msp_1539.mat
msp_1540.mat;msp_1540.mat
msp_1541.mat;unclassified_Lachnospiraceae
msp_1542.mat;msp_1542.mat
msp_1543.mat;msp_1543.mat
msp_1544.mat;msp_1544.mat
msp_1545.mat;msp_1545.mat
msp_1546.mat;Muribaculaceae_bacterium_sp4
msp_1547.mat;msp_1547.mat
msp_1548.mat;unclassified_Fournierella
msp_1549.mat;msp_1549.mat
msp_1550.mat;msp_1550.mat
msp_1551.mat;msp_1551.mat
msp_1552.mat;msp_1552.mat
msp_1553.mat;msp_1553.mat
msp_1554.mat;msp_1554.mat
msp_1555.mat;msp_1555.mat
msp_1556.mat;Holdemania_filiformis
msp_1557.mat;unclassified_Eggerthellaceae
msp_1558.mat;msp_1558.mat
msp_1559.mat;msp_1559.mat
msp_1560.mat;unclassified_Muribaculaceae
msp_1561.mat;msp_1561.mat
msp_1562.mat;msp_1562.mat
msp_1563.mat;msp_1563.mat
msp_1564.mat;msp_1564.mat
msp_1565.mat;msp_1565.mat
msp_1566.mat;msp_1566.mat
msp_1567.mat;Clostridium_disporicum
msp_1568.mat;unclassified_Prevotella
msp_1569.mat;msp_1569.mat
msp_1570.mat;Porphyromonas_asaccharolytica
msp_1571.mat;msp_1571.mat
msp_1572.mat;msp_1572.mat
msp_1573.mat;msp_1573.mat
msp_1574.mat;msp_1574.mat
msp_1575.mat;msp_1575.mat
msp_1576.mat;msp_1576.mat
msp_1577.mat;unclassified_Clostridiales_5
msp_1578.mat;msp_1578.mat
msp_1579.mat;msp_1579.mat
msp_1580.mat;msp_1580.mat
msp_1581.mat;msp_1581.mat
msp_1582.mat;unclassified_Butyricimonas
msp_1583.mat;msp_1583.mat
msp_1584.mat;Pseudoflavonifractor_capillosus
msp_1585.mat;msp_1585.mat
msp_1586.mat;msp_1586.mat
msp_1587.mat;msp_1587.mat
msp_1588.mat;msp_1588.mat
msp_1589.mat;msp_1589.mat
msp_1590.mat;msp_1590.mat
msp_1591.mat;msp_1591.mat
msp_1592.mat;msp_1592.mat
msp_1593.mat;msp_1593.mat
msp_1594.mat;msp_1594.mat
msp_1595.mat;msp_1595.mat
msp_1596.mat;unclassified_Libanicoccus
msp_1597.mat;msp_1597.mat
msp_1598.mat;msp_1598.mat
msp_1599.mat;msp_1599.mat
msp_1600.mat;unclassified_Porphyromonas
msp_1601.mat;unclassified_Clostridium
msp_1602.mat;msp_1602.mat
msp_1603.mat;msp_1603.mat
msp_1604.mat;msp_1604.mat
msp_1605.mat;msp_1605.mat
msp_1606.mat;msp_1606.mat
msp_1607.mat;msp_1607.mat
msp_1608.mat;msp_1608.mat
msp_1609.mat;msp_1609.mat
msp_1610.mat;msp_1610.mat
msp_1611.mat;msp_1611.mat
msp_1612.mat;msp_1612.mat
msp_1613.mat;unclassified_Selenomonadaceae
msp_1614.mat;msp_1614.mat
msp_1615.mat;msp_1615.mat
msp_1616.mat;msp_1616.mat
msp_1617.mat;unclassified_Lachnospiraceae
msp_1618.mat;msp_1618.mat
msp_1619.mat;msp_1619.mat
msp_1620.mat;msp_1620.mat
msp_1621.mat;msp_1621.mat
msp_1622.mat;msp_1622.mat
msp_1623.mat;msp_1623.mat
msp_1624.mat;msp_1624.mat
msp_1625.mat;msp_1625.mat
msp_1626.mat;unclassified_Oscillospiraceae
msp_1627.mat;msp_1627.mat
msp_1628.mat;Lachnoclostridium_sp._An118
msp_1629.mat;msp_1629.mat
msp_1630.mat;msp_1630.mat
msp_1631.mat;Oxalobacter_formigenes_2
msp_1632.mat;msp_1632.mat
msp_1633.mat;msp_1633.mat
msp_1634.mat;Slackia_piriformis
msp_1635.mat;msp_1635.mat
msp_1636.mat;unclassified_Prevotella
msp_1637.mat;unclassified_Ruminococcaceae
msp_1638.mat;msp_1638.mat
msp_1639.mat;Desulfovibrio_sp._An276
msp_1640.mat;unclassified_Bacteroidales_[Alistipes]_sp._CAG:831
msp_1641.mat;msp_1641.mat
msp_1642.mat;msp_1642.mat
msp_1643.mat;msp_1643.mat
msp_1644.mat;unclassified_Ruminococcaceae
msp_1645.mat;msp_1645.mat
msp_1646.mat;msp_1646.mat
msp_1647.mat;unclassified_Erysipelatoclostridium
msp_1648.mat;Peptoniphilus_senegalensis
msp_1649.mat;msp_1649.mat
msp_1650.mat;msp_1650.mat
msp_1651.mat;msp_1651.mat
msp_1652.mat;unclassified_Intestinimonas
msp_1653.mat;msp_1653.mat
msp_1654.mat;msp_1654.mat
msp_1655.mat;msp_1655.mat
msp_1656.mat;unclassified_Lachnospiraceae
msp_1657.mat;msp_1657.mat
msp_1658.mat;msp_1658.mat
msp_1659.mat;msp_1659.mat
msp_1660.mat;msp_1660.mat
msp_1661.mat;unclassified_Acholeplasmatales
msp_1662.mat;unclassified_Lachnospiraceae
msp_1663.mat;msp_1663.mat
msp_1664.mat;msp_1664.mat
msp_1665.mat;msp_1665.mat
msp_1666.mat;[Mollicutes]_bacterium_Phil14
msp_1667.mat;unclassified_Christensenellaceae-Catabacteriaceae
msp_1668.mat;msp_1668.mat
msp_1669.mat;msp_1669.mat
msp_1670.mat;unclassified_Anaeroplasmataceae
msp_1671.mat;msp_1671.mat
msp_1672.mat;msp_1672.mat
msp_1673.mat;msp_1673.mat
msp_1674.mat;msp_1674.mat
msp_1675.mat;msp_1675.mat
msp_1676.mat;msp_1676.mat
msp_1677.mat;unclassified_Clostridium
msp_1678.mat;msp_1678.mat
msp_1679.mat;unclassified_Niameybacter
msp_1680.mat;msp_1680.mat
msp_1681.mat;msp_1681.mat
msp_1682.mat;msp_1682.mat
msp_1683.mat;msp_1683.mat
msp_1684.mat;msp_1684.mat
msp_1685.mat;msp_1685.mat
msp_1686.mat;msp_1686.mat
msp_1687.mat;msp_1687.mat
msp_1688.mat;msp_1688.mat
msp_1689.mat;msp_1689.mat
msp_1690.mat;msp_1690.mat
msp_1691.mat;unclassified_Phascolarctobacterium
msp_1692.mat;unclassified_Muribaculaceae
msp_1693.mat;msp_1693.mat
msp_1694.mat;msp_1694.mat
msp_1695.mat;unclassified_Clostridiales_2
msp_1696.mat;msp_1696.mat
msp_1697.mat;msp_1697.mat
msp_1698.mat;msp_1698.mat
msp_1699.mat;msp_1699.mat
msp_1700.mat;unclassified_Erysipelatoclostridium
msp_1701.mat;msp_1701.mat
msp_1702.mat;msp_1702.mat
msp_1703.mat;msp_1703.mat
msp_1704.mat;msp_1704.mat
msp_1705.mat;msp_1705.mat
msp_1706.mat;msp_1706.mat
msp_1707.mat;msp_1707.mat
msp_1708.mat;msp_1708.mat
msp_1709.mat;msp_1709.mat
msp_1710.mat;msp_1710.mat
msp_1711.mat;unclassified_Roseburia
msp_1712.mat;unclassified_Clostridiales_3
msp_1713.mat;msp_1713.mat
msp_1714.mat;msp_1714.mat
msp_1715.mat;msp_1715.mat
msp_1716.mat;unclassified_Roseburia
msp_1717.mat;msp_1717.mat
msp_1718.mat;unclassified_Blautia
msp_1719.mat;msp_1719.mat
msp_1720.mat;msp_1720.mat
msp_1721.mat;msp_1721.mat
msp_1722.mat;msp_1722.mat
msp_1723.mat;msp_1723.mat
msp_1724.mat;msp_1724.mat
msp_1725.mat;msp_1725.mat
msp_1726.mat;msp_1726.mat
msp_1727.mat;unclassified_Alistipes
msp_1728.mat;unclassified_Sutterellaceae
msp_1729.mat;msp_1729.mat
msp_1730.mat;msp_1730.mat
msp_1731.mat;msp_1731.mat
msp_1732.mat;unclassified_Prevotella
msp_1733.mat;msp_1733.mat
msp_1734.mat;msp_1734.mat
msp_1735.mat;msp_1735.mat
msp_1736.mat;msp_1736.mat
msp_1737.mat;Bacteroides_stercorirosoris
msp_1738.mat;msp_1738.mat
msp_1739.mat;msp_1739.mat
msp_1740.mat;msp_1740.mat
msp_1741.mat;msp_1741.mat
msp_1742.mat;msp_1742.mat
msp_1743.mat;unclassified_Christensenellaceae-Catabacteriaceae
msp_1744.mat;msp_1744.mat
msp_1745.mat;Candidatus_Melainabacteria_bacterium_js4906-23-3_S14_33_15
msp_1746.mat;msp_1746.mat
msp_1747.mat;Faecalicatena_fissicatena
msp_1748.mat;msp_1748.mat
msp_1749.mat;msp_1749.mat
msp_1750.mat;msp_1750.mat
msp_1751.mat;msp_1751.mat
msp_1752.mat;msp_1752.mat
msp_1753.mat;msp_1753.mat
msp_1754.mat;msp_1754.mat
msp_1755.mat;msp_1755.mat
msp_1756.mat;msp_1756.mat
msp_1757.mat;msp_1757.mat
msp_1758.mat;msp_1758.mat
msp_1759.mat;msp_1759.mat
msp_1760.mat;msp_1760.mat
msp_1761.mat;msp_1761.mat
msp_1762.mat;msp_1762.mat
msp_1763.mat;msp_1763.mat
msp_1764.mat;msp_1764.mat
msp_1765.mat;msp_1765.mat
msp_1766.mat;msp_1766.mat
msp_1767.mat;msp_1767.mat
msp_1768.mat;msp_1768.mat
msp_1769.mat;msp_1769.mat
msp_1770.mat;msp_1770.mat
msp_1771.mat;msp_1771.mat
msp_1772.mat;msp_1772.mat
msp_1773.mat;msp_1773.mat
msp_1774.mat;msp_1774.mat
msp_1775.mat;msp_1775.mat
msp_1776.mat;msp_1776.mat
msp_1777.mat;unclassified_Lachnospiraceae
msp_1778.mat;msp_1778.mat
msp_1779.mat;msp_1779.mat
msp_1780.mat;msp_1780.mat
msp_1781.mat;msp_1781.mat
msp_1782.mat;Prevotella_melaninogenica
msp_1783.mat;Fusobacterium_periodonticum
msp_1784.mat;Prevotella_jejuni
msp_1785.mat;Haemophilus_quentini
msp_1786.mat;unclassified_Leptotrichia
msp_1787.mat;Prevotella_salivae
msp_1788.mat;Lachnoanaerobaculum_saburreum_2
msp_1789.mat;Alloprevotella_tannerae
msp_1790.mat;msp_1790.mat
msp_1791.mat;msp_1791.mat
msp_1792.mat;msp_1792.mat
msp_1793.mat;Prevotella_denticola
msp_1794.mat;Haemophilus_paraphrohaemolyticus
msp_1795.mat;msp_1795.mat
msp_1796.mat;msp_1796.mat
msp_1797.mat;msp_1797.mat
msp_1798.mat;msp_1798.mat
msp_1799.mat;unclassified_Veillonella
msp_1800.mat;msp_1800.mat
msp_1801.mat;Haemophilus_parahaemolyticus
msp_1802.mat;msp_1802.mat
msp_1803.mat;msp_1803.mat
msp_1804.mat;msp_1804.mat
msp_1805.mat;msp_1805.mat
msp_1806.mat;msp_1806.mat
msp_1807.mat;msp_1807.mat
msp_1808.mat;Prevotella_veroralis
msp_1809.mat;msp_1809.mat
msp_1810.mat;msp_1810.mat
msp_1811.mat;msp_1811.mat
msp_1812.mat;msp_1812.mat
msp_1813.mat;msp_1813.mat
msp_1814.mat;unclassified_Parabacteroides
msp_1815.mat;msp_1815.mat
msp_1816.mat;msp_1816.mat
msp_1817.mat;msp_1817.mat
msp_1818.mat;unclassified_Saccharopolyspora
msp_1819.mat;unclassified_Lachnospiraceae
msp_1820.mat;Clostridium_sp._CL-2
msp_1821.mat;unclassified_Bacteroides
msp_1822.mat;unclassified_Selenomonas
msp_1823.mat;unclassified_Sutterella
msp_1824.mat;unclassified_Prevotella
msp_1825.mat;msp_1825.mat
msp_1826.mat;unclassified_Barnesiellaceae
msp_1827.mat;unclassified_Bacteroidales
msp_1828.mat;unclassified_Prevotellaceae
msp_1829.mat;msp_1829.mat
msp_1830.mat;unclassified_Muribaculaceae
msp_1831.mat;unclassified_Lachnospiraceae
msp_1832.mat;msp_1832.mat
msp_1833.mat;unclassified_Ruminococcus
msp_1834.mat;unclassified_Prevotellaceae
msp_1835.mat;unclassified_Candidatus_Gastranaerophilales
msp_1836.mat;unclassified_Muribaculaceae
msp_1837.mat;unclassified_Alistipes
msp_1838.mat;unclassified_Fusobacterium
msp_1839.mat;unclassified_Muribaculaceae
msp_1840.mat;unclassified_Clostridiales_Family_XIII._Incertae_Sedis
msp_1841.mat;unclassified_Alistipes
msp_1842.mat;unclassified_Bacteroides
msp_1843.mat;unclassified_Bacteroides
msp_1844.mat;unclassified_Phascolarctobacterium
msp_1845.mat;msp_1845.mat
msp_1846.mat;unclassified_Faecalibacterium
msp_1847.mat;msp_1847.mat
msp_1848.mat;unclassified_Desulfovibrio
msp_1849.mat;msp_1849.mat
msp_1850.mat;unclassified_Ruminococcaceae
msp_1851.mat;unclassified_Blautia
msp_1852.mat;msp_1852.mat
msp_1853.mat;unclassified_Elusimicrobia
msp_1854.mat;msp_1854.mat
msp_1855.mat;unclassified_Clostridiales_2
msp_1856.mat;unclassified_Anaeroplasmataceae
msp_1857.mat;msp_1857.mat
msp_1858.mat;unclassified_Clostridiales_2
msp_1859.mat;unclassified_Alistipes
msp_1860.mat;msp_1860.mat
msp_1861.mat;unclassified_Fusobacterium
msp_1862.mat;msp_1862.mat
msp_1863.mat;[Escherichia_coli]_CIM:MAG_560
msp_1864.mat;msp_1864.mat
msp_1865.mat;msp_1865.mat
msp_1866.mat;unclassified_Clostridium
msp_1867.mat;unclassified_Anaeroplasmataceae
msp_1868.mat;msp_1868.mat
msp_1869.mat;unclassified_Holdemanella
msp_1870.mat;unclassified_Odoribacteraceae
msp_1871.mat;msp_1871.mat
msp_1872.mat;msp_1872.mat
msp_1873.mat;unclassified_Clostridiales_2
msp_1874.mat;msp_1874.mat
msp_1875.mat;msp_1875.mat
msp_1876.mat;msp_1876.mat
msp_1877.mat;msp_1877.mat
msp_1878.mat;msp_1878.mat
msp_1879.mat;msp_1879.mat
msp_1880.mat;unclassified_Phascolarctobacterium
msp_1881.mat;msp_1881.mat
msp_1882.mat;msp_1882.mat
msp_1883.mat;msp_1883.mat
msp_1884.mat;msp_1884.mat
msp_1885.mat;msp_1885.mat
msp_1886.mat;Atopobiaceae_sp1
msp_1887.mat;unclassified_Sutterella
msp_1888.mat;msp_1888.mat
msp_1889.mat;msp_1889.mat
msp_1890.mat;unclassified_Anaeroplasmataceae
msp_1891.mat;unclassified_Blautia
msp_1892.mat;msp_1892.mat
msp_1893.mat;msp_1893.mat
msp_1894.mat;msp_1894.mat
msp_1895.mat;msp_1895.mat
msp_1896.mat;msp_1896.mat
msp_1897.mat;msp_1897.mat
msp_1898.mat;msp_1898.mat
msp_1899.mat;msp_1899.mat
msp_1900.mat;msp_1900.mat
msp_1901.mat;msp_1901.mat
msp_1902.mat;unclassified_Negativibacillus
msp_1903.mat;msp_1903.mat
msp_1904.mat;unclassified_Bacteroides
msp_1905.mat;unclassified_Clostridiales_4
msp_1906.mat;unclassified_Anaerostipes
msp_1907.mat;msp_1907.mat
msp_1908.mat;unclassified_Clostridioides
msp_1909.mat;msp_1909.mat
msp_1910.mat;msp_1910.mat
msp_1911.mat;msp_1911.mat
msp_1912.mat;msp_1912.mat
msp_1913.mat;msp_1913.mat
msp_1914.mat;msp_1914.mat
msp_1915.mat;msp_1915.mat
msp_1916.mat;msp_1916.mat
msp_1917.mat;msp_1917.mat
msp_1918.mat;msp_1918.mat
msp_1919.mat;msp_1919.mat
msp_1920.mat;msp_1920.mat
msp_1921.mat;msp_1921.mat
msp_1922.mat;msp_1922.mat
msp_1923.mat;msp_1923.mat
msp_1924.mat;msp_1924.mat
msp_1925.mat;msp_1925.mat
msp_1926.mat;msp_1926.mat
msp_1927.mat;msp_1927.mat
msp_1928.mat;msp_1928.mat
msp_1929.mat;unclassified_ML615J-28_Tenericutes
msp_1930.mat;msp_1930.mat
msp_1931.mat;msp_1931.mat
msp_1932.mat;msp_1932.mat
msp_1933.mat;msp_1933.mat
msp_1934.mat;msp_1934.mat
msp_1935.mat;msp_1935.mat
msp_1936.mat;msp_1936.mat
msp_1937.mat;msp_1937.mat
msp_1938.mat;msp_1938.mat
msp_1939.mat;msp_1939.mat
msp_1940.mat;msp_1940.mat
msp_1941.mat;msp_1941.mat
msp_1942.mat;msp_1942.mat
msp_1943.mat;msp_1943.mat
msp_1944.mat;msp_1944.mat
msp_1945.mat;msp_1945.mat
msp_1946.mat;msp_1946.mat
msp_1947.mat;unclassified_Lactobacillus
msp_1948.mat;Faecalicatena_orotica
msp_1949.mat;msp_1949.mat
msp_1950.mat;msp_1950.mat
msp_1951.mat;msp_1951.mat
msp_1952.mat;msp_1952.mat
msp_1953.mat;msp_1953.mat
msp_1954.mat;msp_1954.mat
msp_1955.mat;msp_1955.mat
msp_1956.mat;msp_1956.mat
msp_1957.mat;msp_1957.mat
msp_1958.mat;unclassified_Sutterellaceae
msp_1959.mat;msp_1959.mat
msp_1960.mat;msp_1960.mat
msp_1961.mat;msp_1961.mat
msp_1962.mat;msp_1962.mat
msp_1963.mat;msp_1963.mat
msp_1964.mat;msp_1964.mat
msp_1965.mat;msp_1965.mat
msp_1966.mat;msp_1966.mat
msp_1967.mat;msp_1967.mat
msp_1968.mat;msp_1968.mat
msp_1969.mat;msp_1969.mat
msp_1970.mat;msp_1970.mat
msp_1971.mat;msp_1971.mat
msp_1972.mat;msp_1972.mat
msp_1973.mat;msp_1973.mat
msp_1974.mat;msp_1974.mat
msp_1975.mat;msp_1975.mat
msp_1976.mat;msp_1976.mat
msp_1977.mat;msp_1977.mat
msp_1978.mat;unclassified_Bacteroidales
msp_1979.mat;Lachnospiraceae_bacterium_UBA3273
msp_1980.mat;msp_1980.mat
msp_1981.mat;Prevotella_sp._UBA7263_&_UBA7283_&_RUG423_&_RUG136_&_RUG144
msp_1982.mat;unclassified_Bacteroides
msp_1983.mat;unclassified_Prevotella
msp_1984.mat;unclassified_Muribaculaceae
msp_1985.mat;unclassified_Ruminococcus
msp_1986.mat;msp_1986.mat
msp_1987.mat;unclassified_Muribaculaceae
msp_1988.mat;msp_1988.mat
msp_1989.mat;unclassified_Bacteroidales
msp_1990.mat;msp_1990.mat
msp_1991.mat;unclassified_Lachnospiraceae
msp_1992.mat;unclassified_Bacteroides
msp_1993.mat;unclassified_Clostridiales_5
msp_1994.mat;unclassified_Prevotella
msp_1995.mat;unclassified_RF39_Mollicutes
msp_1996.mat;unclassified_Candidatus_Gastranaerophilales
msp_1997.mat;unclassified_Ruminococcaceae
msp_1998.mat;msp_1998.mat
msp_1999.mat;unclassified_ML615J-28_Tenericutes
msp_2000.mat;unclassified_Phascolarctobacterium
msp_2001.mat;msp_2001.mat
msp_2002.mat;msp_2002.mat
msp_2003.mat;msp_2003.mat
msp_2004.mat;msp_2004.mat
msp_2005.mat;Lachnospiraceae_bacterium_UBA4631
msp_2006.mat;unclassified_Ruminococcus
msp_2007.mat;msp_2007.mat
msp_2008.mat;msp_2008.mat
msp_2009.mat;unclassified_Ruminococcaceae
msp_2010.mat;unclassified_Anaeroplasmataceae
msp_2011.mat;unclassified_Bacteroidales
msp_2012.mat;msp_2012.mat
msp_2013.mat;msp_2013.mat
msp_2014.mat;unclassified_Ruminococcaceae
msp_2015.mat;unclassified_Phascolarctobacterium
msp_2016.mat;msp_2016.mat
msp_2017.mat;msp_2017.mat
msp_2018.mat;msp_2018.mat
msp_2019.mat;msp_2019.mat
msp_2020.mat;msp_2020.mat
msp_2021.mat;msp_2021.mat
msp_2022.mat;msp_2022.mat
msp_2023.mat;msp_2023.mat
msp_2024.mat;msp_2024.mat
msp_2025.mat;msp_2025.mat
msp_2026.mat;msp_2026.mat
msp_2027.mat;msp_2027.mat
msp_2028.mat;msp_2028.mat
msp_2029.mat;msp_2029.mat
msp_2030.mat;msp_2030.mat
msp_2031.mat;msp_2031.mat
msp_2032.mat;msp_2032.mat
msp_2033.mat;msp_2033.mat
msp_2034.mat;msp_2034.mat
msp_2035.mat;msp_2035.mat
msp_2036.mat;msp_2036.mat
msp_2037.mat;msp_2037.mat
msp_2038.mat;msp_2038.mat
msp_2039.mat;msp_2039.mat
msp_2040.mat;msp_2040.mat
msp_2041.mat;msp_2041.mat
msp_2042.mat;msp_2042.mat
msp_2043.mat;msp_2043.mat
msp_2044.mat;msp_2044.mat
msp_2045.mat;msp_2045.mat
msp_2046.mat;msp_2046.mat
msp_2047.mat;msp_2047.mat
msp_2048.mat;msp_2048.mat
msp_2049.mat;msp_2049.mat
msp_2050.mat;msp_2050.mat
msp_2051.mat;msp_2051.mat
msp_2052.mat;msp_2052.mat
msp_2053.mat;msp_2053.mat
msp_2054.mat;unclassified_Ruminococcaceae
msp_2055.mat;msp_2055.mat
msp_2056.mat;msp_2056.mat
msp_2057.mat;msp_2057.mat
msp_2058.mat;msp_2058.mat
msp_2059.mat;msp_2059.mat
msp_2060.mat;msp_2060.mat
msp_2061.mat;msp_2061.mat
msp_2062.mat;msp_2062.mat
msp_2063.mat;msp_2063.mat
msp_2064.mat;msp_2064.mat
msp_2065.mat;msp_2065.mat
msp_2066.mat;unclassified_Megasphaera
msp_2067.mat;msp_2067.mat
msp_2068.mat;msp_2068.mat
msp_2069.mat;msp_2069.mat
msp_2070.mat;msp_2070.mat
msp_2071.mat;msp_2071.mat
msp_2072.mat;msp_2072.mat
msp_2073.mat;msp_2073.mat
msp_2074.mat;msp_2074.mat
msp_2075.mat;msp_2075.mat
msp_2076.mat;msp_2076.mat
msp_2077.mat;msp_2077.mat
msp_2078.mat;msp_2078.mat
msp_2079.mat;msp_2079.mat
msp_2080.mat;msp_2080.mat
msp_2081.mat;msp_2081.mat
msp_2082.mat;msp_2082.mat
msp_2083.mat;msp_2083.mat
msp_2084.mat;msp_2084.mat
msp_2085.mat;msp_2085.mat
msp_2086.mat;msp_2086.mat
msp_2087.mat;msp_2087.mat
msp_2088.mat;msp_2088.mat
msp_2089.mat;msp_2089.mat
msp_2090.mat;unclassified_Prevotella
msp_2091.mat;msp_2091.mat
msp_2092.mat;msp_2092.mat
msp_2093.mat;msp_2093.mat
msp_2094.mat;msp_2094.mat
msp_2095.mat;msp_2095.mat
msp_2096.mat;msp_2096.mat
msp_2097.mat;msp_2097.mat
msp_2098.mat;msp_2098.mat
msp_2099.mat;msp_2099.mat
msp_2100.mat;msp_2100.mat
msp_2101.mat;msp_2101.mat
msp_2102.mat;msp_2102.mat
msp_2103.mat;msp_2103.mat
msp_2104.mat;msp_2104.mat
msp_2105.mat;msp_2105.mat
msp_2106.mat;msp_2106.mat
msp_2107.mat;msp_2107.mat
msp_2108.mat;msp_2108.mat
msp_2109.mat;msp_2109.mat
msp_2110.mat;msp_2110.mat
msp_2111.mat;msp_2111.mat
msp_2112.mat;msp_2112.mat
msp_2113.mat;msp_2113.mat
msp_2114.mat;msp_2114.mat
msp_2115.mat;msp_2115.mat
msp_2116.mat;msp_2116.mat
msp_2117.mat;msp_2117.mat
msp_2118.mat;msp_2118.mat
msp_2119.mat;msp_2119.mat
msp_2120.mat;msp_2120.mat
msp_2121.mat;msp_2121.mat
msp_2122.mat;msp_2122.mat
msp_2123.mat;msp_2123.mat
msp_2124.mat;msp_2124.mat
msp_2125.mat;msp_2125.mat
msp_2126.mat;msp_2126.mat
msp_2127.mat;msp_2127.mat
msp_2128.mat;msp_2128.mat
msp_2129.mat;msp_2129.mat
msp_2130.mat;msp_2130.mat
msp_2131.mat;msp_2131.mat
msp_2132.mat;msp_2132.mat
msp_2133.mat;msp_2133.mat
msp_2134.mat;msp_2134.mat
msp_2135.mat;msp_2135.mat
msp_2136.mat;msp_2136.mat
msp_2137.mat;msp_2137.mat
msp_2138.mat;msp_2138.mat
msp_2139.mat;msp_2139.mat
msp_2140.mat;msp_2140.mat
msp_2141.mat;msp_2141.mat
msp_2142.mat;msp_2142.mat
msp_2143.mat;msp_2143.mat
msp_2144.mat;msp_2144.mat
msp_2145.mat;msp_2145.mat
msp_2146.mat;msp_2146.mat
msp_2147.mat;msp_2147.mat
msp_2148.mat;msp_2148.mat
msp_2149.mat;msp_2149.mat
msp_2150.mat;msp_2150.mat
msp_2151.mat;msp_2151.mat
msp_2152.mat;msp_2152.mat
msp_2153.mat;msp_2153.mat
msp_2154.mat;msp_2154.mat
msp_2155.mat;msp_2155.mat
msp_2156.mat;msp_2156.mat
msp_2157.mat;msp_2157.mat
msp_2158.mat;msp_2158.mat
msp_2159.mat;msp_2159.mat
msp_2160.mat;msp_2160.mat
msp_2161.mat;msp_2161.mat
msp_2162.mat;msp_2162.mat
msp_2163.mat;msp_2163.mat
msp_2164.mat;msp_2164.mat
msp_2165.mat;msp_2165.mat
msp_2166.mat;msp_2166.mat
msp_2167.mat;msp_2167.mat
msp_2168.mat;msp_2168.mat
msp_2169.mat;msp_2169.mat
msp_2170.mat;msp_2170.mat
msp_2171.mat;msp_2171.mat
msp_2172.mat;msp_2172.mat
msp_2173.mat;msp_2173.mat
msp_2174.mat;msp_2174.mat
msp_2175.mat;msp_2175.mat
msp_2176.mat;msp_2176.mat
msp_2177.mat;msp_2177.mat
msp_2178.mat;msp_2178.mat
msp_2179.mat;msp_2179.mat
msp_2180.mat;msp_2180.mat
msp_2181.mat;msp_2181.mat
msp_2182.mat;msp_2182.mat
msp_2183.mat;msp_2183.mat
msp_2184.mat;msp_2184.mat
msp_2185.mat;msp_2185.mat
msp_2186.mat;msp_2186.mat
msp_2187.mat;msp_2187.mat
msp_2188.mat;msp_2188.mat
msp_2189.mat;msp_2189.mat
msp_2190.mat;msp_2190.mat
msp_2191.mat;msp_2191.mat
msp_2192.mat;msp_2192.mat
msp_2193.mat;msp_2193.mat
msp_2194.mat;msp_2194.mat
msp_2195.mat;msp_2195.mat
msp_2196.mat;msp_2196.mat
msp_2197.mat;msp_2197.mat
msp_2198.mat;msp_2198.mat
msp_2199.mat;msp_2199.mat
msp_2200.mat;msp_2200.mat
msp_2201.mat;msp_2201.mat
msp_2202.mat;msp_2202.mat
msp_2203.mat;msp_2203.mat
msp_2204.mat;msp_2204.mat
msp_2205.mat;msp_2205.mat
msp_2206.mat;msp_2206.mat
msp_2207.mat;msp_2207.mat
msp_2208.mat;msp_2208.mat
msp_2209.mat;unclassified_Succinatimonas
msp_2210.mat;msp_2210.mat
msp_2211.mat;unclassified_Ruminococcus
